fighter_1,fighter_2,knockdowns_1,knockdowns_2,total_strikes_1,total_strikes_2,significant_strikes_1,significant_strikes_2,head_strikes_1,head_strikes_2,body_strikes_1,body_strikes_2,leg_strikes_1,leg_strikes_2,distance_strikes_1,distance_strikes_2,clinch_strikes_1,clinch_strikes_2,ground_strikes_1,ground_strikes_2,takedowns_1,takedowns_2,submission_attempts_1,submission_attempts_2,reversals_1,reversals_2,control_time_1,control_time_2,result,method,round,time,referee,ufc_stats_com_url
Jairzinho Rozenstruik,Shamil Gaziev,0,0,140 of 230,27 of 75,127 of 215,22 of 68,78 of 158,16 of 59,30 of 37,5 of 8,19 of 20,1 of 1,123 of 209,17 of 60,4 of 6,4 of 6,0 of 0,1 of 2,0 of 1,1 of 7,0,0,0,0,0:01,4:32,W,KO/TKO,4,5:00,Marc Goddard,http://ufcstats.com/fight-details/838fd9d2b14e0790
Vitor Petrino,Tyson Pedro,0,0,33 of 82,33 of 64,27 of 75,30 of 60,16 of 59,3 of 29,4 of 8,11 of 15,7 of 8,16 of 16,25 of 72,29 of 59,0 of 0,1 of 1,2 of 3,0 of 0,3 of 5,0 of 2,0,0,0,0,5:24,0:10,W,Decision - Unanimous,3,5:00,Mark Smith,http://ufcstats.com/fight-details/df3cc5ec78d05a71
Alex Perez,Muhammad Mokaev,0,0,47 of 114,56 of 119,30 of 87,47 of 104,22 of 73,34 of 85,3 of 5,9 of 12,5 of 9,4 of 7,19 of 74,31 of 81,2 of 3,3 of 3,9 of 10,13 of 20,0 of 0,3 of 20,0,0,0,0,3:44,4:29,L,Decision - Unanimous,3,5:00,Keith Peterson,http://ufcstats.com/fight-details/5a82757b553c40fc
Umar Nurmagomedov,Bekzat Almakhan,0,1,145 of 197,5 of 25,68 of 98,3 of 16,64 of 94,1 of 13,0 of 0,2 of 3,4 of 4,0 of 0,7 of 13,3 of 16,0 of 0,0 of 0,61 of 85,0 of 0,5 of 5,0 of 0,0,0,0,0,11:26,0:34,W,Decision - Unanimous,3,5:00,Marc Goddard,http://ufcstats.com/fight-details/dcf5014e56649c2f
Matt Schnell,Steve Erceg,0,1,25 of 84,34 of 72,22 of 78,34 of 72,18 of 70,24 of 60,1 of 5,9 of 11,3 of 3,1 of 1,21 of 74,30 of 67,1 of 4,4 of 5,0 of 0,0 of 0,0 of 0,0 of 1,0,0,0,0,0:00,0:05,L,KO/TKO,2,0:26,Chris Tognoni,http://ufcstats.com/fight-details/024beecfd3f0ed7a
Eryk Anders,Jamie Pickett,0,1,83 of 147,26 of 64,23 of 59,20 of 55,14 of 48,11 of 45,7 of 9,8 of 9,2 of 2,1 of 1,12 of 38,12 of 46,7 of 9,8 of 8,4 of 12,0 of 1,5 of 13,0 of 0,0,0,0,0,10:08,0:16,W,Decision - Unanimous,3,5:00,Mark Smith,http://ufcstats.com/fight-details/32bd7ed48f5aea7e
Vinicius Oliveira,Benardo Sopaj,1,0,88 of 170,92 of 146,67 of 144,45 of 86,39 of 91,42 of 81,11 of 20,1 of 3,17 of 33,2 of 2,49 of 112,21 of 55,3 of 13,0 of 2,15 of 19,24 of 29,2 of 4,3 of 4,0,0,0,0,1:36,4:28,W,KO/TKO,3,4:41,Keith Peterson,http://ufcstats.com/fight-details/cde2f88251b73305
Aiemann Zahabi,Javid Basharat,0,0,77 of 176,67 of 205,75 of 174,67 of 205,51 of 130,33 of 147,16 of 26,27 of 44,8 of 18,7 of 14,74 of 172,67 of 203,1 of 2,0 of 2,0 of 0,0 of 0,0 of 0,0 of 4,0,0,0,0,0:13,0:00,W,Decision - Unanimous,3,5:00,Chris Tognoni,http://ufcstats.com/fight-details/a7d397cd0f2ac93a
Christian Leroy Duncan,Claudio Ribeiro,0,0,75 of 105,13 of 39,65 of 92,4 of 26,39 of 62,1 of 19,8 of 10,1 of 3,18 of 20,2 of 4,31 of 50,4 of 24,12 of 15,0 of 2,22 of 27,0 of 0,1 of 2,0 of 0,0,0,0,0,2:15,1:03,W,KO/TKO,2,1:57,Mark Smith,http://ufcstats.com/fight-details/3ea7d69a1238f26a
Ludovit Klein,AJ Cunningham,1,0,63 of 95,36 of 77,60 of 91,36 of 75,38 of 66,15 of 49,21 of 23,10 of 14,1 of 2,11 of 12,54 of 84,34 of 72,2 of 2,2 of 3,4 of 5,0 of 0,2 of 3,0 of 0,0,0,0,0,0:27,0:26,W,KO/TKO,1,4:36,Keith Peterson,http://ufcstats.com/fight-details/4e566db7d26df001
Abdul-Kareem Al-Selwady,Loik Radzhabov,0,1,50 of 84,57 of 115,38 of 68,39 of 90,15 of 34,33 of 72,8 of 11,6 of 15,15 of 23,0 of 3,34 of 61,18 of 63,4 of 7,2 of 2,0 of 0,19 of 25,3 of 7,4 of 5,0,0,0,0,2:44,1:27,L,KO/TKO,3,0:49,Chris Tognoni,http://ufcstats.com/fight-details/ba8f219260e212f8
Brandon Moreno,Brandon Royval,0,0,119 of 219,177 of 556,112 of 211,145 of 510,48 of 127,97 of 437,37 of 51,38 of 54,27 of 33,10 of 19,103 of 191,142 of 504,7 of 17,3 of 6,2 of 3,0 of 0,3 of 5,1 of 2,0,0,0,0,2:54,0:35,L,Decision - Split,5,5:00,Herb Dean,http://ufcstats.com/fight-details/74f5cbecac011abb
Yair Rodriguez,Brian Ortega,1,0,64 of 135,47 of 104,55 of 115,28 of 73,36 of 91,26 of 69,11 of 15,2 of 4,8 of 9,0 of 0,34 of 86,13 of 50,9 of 12,2 of 3,12 of 17,13 of 20,0 of 1,3 of 6,0,1,0,0,1:32,5:21,L,Submission,3,0:58,Marc Goddard,http://ufcstats.com/fight-details/3b05a4ced6dd74f5
Daniel Zellhuber,Francisco Prado,0,0,120 of 272,91 of 249,120 of 272,90 of 246,87 of 228,30 of 155,25 of 36,26 of 47,8 of 8,34 of 44,117 of 268,88 of 244,3 of 4,2 of 2,0 of 0,0 of 0,0 of 0,0 of 0,0,0,0,0,0:05,0:25,W,Decision - Unanimous,3,5:00,Mike Beltran,http://ufcstats.com/fight-details/ecbece0cbd60029e
Yazmin Jauregui,Sam Hughes,0,0,97 of 272,88 of 206,94 of 269,83 of 197,52 of 197,40 of 143,24 of 42,17 of 24,18 of 30,26 of 30,84 of 253,80 of 190,10 of 16,3 of 7,0 of 0,0 of 0,0 of 0,0 of 6,0,0,0,0,0:00,0:17,W,Decision - Unanimous,3,5:00,Herb Dean,http://ufcstats.com/fight-details/6e4acb2aaa2cee56
Manuel Torres,Chris Duncan,0,0,5 of 7,1 of 2,3 of 5,1 of 2,2 of 4,1 of 2,1 of 1,0 of 0,0 of 0,0 of 0,0 of 2,1 of 2,2 of 2,0 of 0,1 of 1,0 of 0,2 of 2,1 of 3,1,0,0,0,0:42,0:40,W,Submission,1,1:46,Mike Beltran,http://ufcstats.com/fight-details/673a156925dfb31d
Cristian Quinonez,Raoni Barcelos,0,0,43 of 99,48 of 81,29 of 82,43 of 74,17 of 67,26 of 54,3 of 6,5 of 7,9 of 9,12 of 13,26 of 75,38 of 68,3 of 7,4 of 5,0 of 0,1 of 1,2 of 7,2 of 12,0,2,0,0,3:13,1:02,L,Submission,3,2:04,Bladimir Puga,http://ufcstats.com/fight-details/063e7ce759c52f81
Jesus Aguilar,Mateus Mendonca,0,0,38 of 62,43 of 90,19 of 36,18 of 40,10 of 24,15 of 35,4 of 4,3 of 4,5 of 8,0 of 1,11 of 21,7 of 21,4 of 5,2 of 2,4 of 10,9 of 17,1 of 4,4 of 8,1,1,1,0,4:51,8:44,W,Decision - Split,3,5:00,Fernando Salas Navarro,http://ufcstats.com/fight-details/d1d3b6ab8a56e973
Edgar Chairez,Daniel Lacerda,0,0,9 of 15,7 of 22,9 of 15,4 of 17,3 of 7,2 of 9,2 of 4,2 of 7,4 of 4,0 of 1,8 of 14,2 of 12,0 of 0,0 of 0,1 of 1,2 of 5,0 of 0,1 of 1,1,0,0,0,0:00,0:41,W,Submission,1,2:17,Marc Goddard,http://ufcstats.com/fight-details/1c03c1bb62f3aed6
Claudio Puelles,Fares Ziam,0,0,17 of 27,58 of 82,4 of 9,31 of 48,1 of 5,23 of 38,3 of 4,6 of 7,0 of 0,2 of 3,3 of 8,5 of 15,1 of 1,2 of 3,0 of 0,24 of 30,7 of 13,0 of 0,0,1,0,2,7:14,4:30,L,Decision - Split,3,5:00,Herb Dean,http://ufcstats.com/fight-details/a376f6d5806d0c90
Ronaldo Rodriguez,Denys Bondar,0,0,50 of 93,46 of 77,31 of 69,41 of 63,19 of 55,22 of 39,7 of 9,8 of 13,5 of 5,11 of 11,13 of 43,32 of 51,5 of 7,3 of 4,13 of 19,6 of 8,0 of 0,4 of 6,1,0,3,1,2:56,2:52,W,Submission,2,4:59,Mike Beltran,http://ufcstats.com/fight-details/5e8c710f9f27aff8
Victor Altamirano,Felipe dos Santos,0,0,52 of 97,62 of 120,40 of 74,37 of 87,7 of 33,24 of 66,23 of 31,8 of 16,10 of 10,5 of 5,29 of 62,31 of 73,10 of 10,5 of 11,1 of 2,1 of 3,9 of 11,0 of 0,0,1,0,0,5:02,0:51,L,Decision - Split,3,5:00,Bladimir Puga,http://ufcstats.com/fight-details/93ddc6b233d1956a
Erik Silva,Muhammad Naimov,0,0,0 of 1,3 of 4,0 of 1,1 of 2,0 of 0,1 of 2,0 of 0,0 of 0,0 of 1,0 of 0,0 of 1,1 of 2,0 of 0,0 of 0,0 of 0,0 of 0,0 of 0,1 of 1,0,0,0,0,0:13,0:11,L,KO/TKO,1,0:44,Fernando Salas Navarro,http://ufcstats.com/fight-details/50dae6b76c9c6490
Alexander Volkanovski,Ilia Topuria,0,1,47 of 107,36 of 78,47 of 107,35 of 77,21 of 68,17 of 53,11 of 22,12 of 16,15 of 17,6 of 8,44 of 102,28 of 70,3 of 5,4 of 4,0 of 0,3 of 3,0 of 0,0 of 0,0,0,0,0,0:00,0:03,L,KO/TKO,2,3:32,Jason Herzog,http://ufcstats.com/fight-details/bec3154a11df3299
Robert Whittaker,Paulo Costa,0,0,95 of 175,67 of 151,95 of 175,67 of 151,63 of 143,39 of 117,4 of 4,8 of 12,28 of 28,20 of 22,95 of 172,67 of 151,0 of 3,0 of 0,0 of 0,0 of 0,0 of 1,0 of 0,0,0,0,0,0:00,0:00,W,Decision - Unanimous,3,5:00,Mike Beltran,http://ufcstats.com/fight-details/01432891260084a4
Geoff Neal,Ian Machado Garry,0,0,57 of 102,80 of 148,46 of 89,67 of 135,25 of 64,39 of 96,10 of 13,18 of 27,11 of 12,10 of 12,38 of 79,65 of 133,8 of 10,2 of 2,0 of 0,0 of 0,0 of 0,0 of 0,0,0,0,0,3:45,0:12,L,Decision - Split,3,5:00,Frank Trigg,http://ufcstats.com/fight-details/8fb0092430448368
Merab Dvalishvili,Henry Cejudo,0,0,167 of 273,54 of 106,74 of 172,29 of 78,44 of 128,13 of 54,20 of 34,5 of 11,10 of 10,11 of 13,51 of 134,24 of 68,13 of 24,5 of 10,10 of 14,0 of 0,5 of 11,1 of 7,1,0,0,0,4:23,2:05,W,Decision - Unanimous,3,5:00,Jonathan Romero,http://ufcstats.com/fight-details/9785420602b452f7
Anthony Hernandez,Roman Kopylov,0,0,39 of 82,41 of 63,34 of 77,35 of 57,28 of 68,21 of 43,4 of 6,8 of 8,2 of 3,6 of 6,24 of 65,34 of 56,8 of 10,1 of 1,2 of 2,0 of 0,3 of 14,0 of 0,2,0,0,0,4:05,0:00,W,Submission,2,3:23,Jason Herzog,http://ufcstats.com/fight-details/f87a3fa07f0009c9
Amanda Lemos,Mackenzie Dern,1,0,47 of 86,50 of 85,41 of 80,21 of 54,26 of 62,21 of 51,8 of 10,0 of 2,7 of 8,0 of 1,24 of 56,13 of 42,1 of 2,0 of 1,16 of 22,8 of 11,2 of 2,1 of 3,0,0,0,2,4:02,6:00,W,Decision - Unanimous,3,5:00,Mike Beltran,http://ufcstats.com/fight-details/2aeb3ec2d8c05dc8
Marcos Rogerio de Lima,Junior Tafa,1,0,63 of 78,17 of 33,33 of 46,11 of 27,19 of 31,9 of 24,2 of 2,1 of 2,12 of 13,1 of 1,22 of 32,10 of 26,1 of 1,0 of 0,10 of 13,1 of 1,1 of 3,0 of 0,0,0,0,0,3:26,0:00,W,KO/TKO,2,1:14,Frank Trigg,http://ufcstats.com/fight-details/1456a3f96ac7e35b
Rinya Nakamura,Carlos Vera,0,0,73 of 114,55 of 79,38 of 70,12 of 25,30 of 61,7 of 19,6 of 7,1 of 2,2 of 2,4 of 4,7 of 9,6 of 15,1 of 1,1 of 2,30 of 60,5 of 8,3 of 3,0 of 0,0,0,0,0,13:03,0:00,W,Decision - Unanimous,3,5:00,Jonathan Romero,http://ufcstats.com/fight-details/e92fb5c609e20b49
Zhang Mingyang,Brendson Ribeiro,1,0,17 of 28,14 of 31,17 of 28,14 of 31,13 of 19,14 of 31,2 of 5,0 of 0,2 of 4,0 of 0,14 of 25,14 of 31,0 of 0,0 of 0,3 of 3,0 of 0,0 of 0,0 of 0,0,0,0,0,0:02,0:00,W,KO/TKO,1,1:41,Mike Beltran,http://ufcstats.com/fight-details/aeb3e4d9710207a4
Josh Quinlan,Danny Barlow,0,1,39 of 90,96 of 186,39 of 90,95 of 185,22 of 68,77 of 161,14 of 18,13 of 18,3 of 4,5 of 6,39 of 90,88 of 175,0 of 0,1 of 2,0 of 0,6 of 8,0 of 1,0 of 0,0,0,0,0,0:00,0:13,L,KO/TKO,3,1:18,Jason Herzog,http://ufcstats.com/fight-details/ef13ed466e0b42d8
Oban Elliott,Val Woodburn,0,1,136 of 188,30 of 70,70 of 111,23 of 61,60 of 96,19 of 55,7 of 11,2 of 4,3 of 4,2 of 2,33 of 65,15 of 46,3 of 3,5 of 10,34 of 43,3 of 5,3 of 5,2 of 2,0,0,0,1,8:58,1:56,W,Decision - Unanimous,3,5:00,Jonathan Romero,http://ufcstats.com/fight-details/9ddaa62cc806958d
Andrea Lee,Miranda Maverick,0,0,59 of 126,106 of 180,36 of 102,66 of 136,14 of 72,28 of 89,13 of 19,16 of 25,9 of 11,22 of 22,32 of 96,60 of 128,3 of 3,6 of 8,1 of 3,0 of 0,2 of 3,3 of 8,1,0,0,0,0:42,3:05,L,Decision - Unanimous,3,5:00,Frank Trigg,http://ufcstats.com/fight-details/b7d238437d6644ce
Jack Hermansson,Joe Pyfer,0,0,188 of 327,95 of 254,121 of 235,92 of 250,74 of 174,56 of 196,15 of 23,25 of 34,32 of 38,11 of 20,111 of 219,92 of 250,5 of 6,0 of 0,5 of 10,0 of 0,1 of 2,0 of 6,0,0,0,0,3:08,0:50,W,Decision - Unanimous,5,5:00,Mark Smith,http://ufcstats.com/fight-details/406f2aacd1d1faf9
Dan Ige,Andre Fili,1,0,11 of 19,8 of 33,11 of 19,8 of 33,4 of 11,7 of 28,2 of 3,1 of 5,5 of 5,0 of 0,10 of 18,8 of 33,0 of 0,0 of 0,1 of 1,0 of 0,0 of 0,0 of 0,0,0,0,0,0:01,0:00,W,KO/TKO,1,2:43,Jason Herzog,http://ufcstats.com/fight-details/25259e230be9cdc9
Robert Bryczek,Ihor Potieria,0,1,41 of 143,77 of 181,32 of 133,67 of 168,19 of 103,47 of 139,10 of 24,5 of 12,3 of 6,15 of 17,30 of 127,61 of 156,2 of 6,6 of 12,0 of 0,0 of 0,0 of 0,0 of 4,0,0,0,0,0:30,2:37,L,Decision - Unanimous,3,5:00,Mike Beltran,http://ufcstats.com/fight-details/17050a7b673dc49d
Brad Tavares,Gregory Rodrigues,0,0,42 of 90,79 of 135,37 of 84,71 of 123,28 of 70,53 of 102,4 of 9,8 of 9,5 of 5,10 of 12,36 of 83,64 of 114,1 of 1,7 of 9,0 of 0,0 of 0,0 of 0,2 of 6,0,0,0,0,0:00,3:18,L,KO/TKO,3,0:55,Jason Herzog,http://ufcstats.com/fight-details/e7938bac3ec8b442
Michael Johnson,Darrius Flowers,0,0,80 of 138,52 of 86,61 of 112,33 of 64,16 of 47,10 of 31,36 of 52,9 of 12,9 of 13,14 of 21,58 of 109,29 of 60,0 of 0,1 of 1,3 of 3,3 of 3,4 of 8,0 of 2,0,0,0,0,6:02,0:43,W,Decision - Unanimous,3,5:00,Chris Tognoni,http://ufcstats.com/fight-details/5304956aada097e8
Rodolfo Vieira,Armen Petrosyan,0,0,14 of 21,14 of 25,6 of 11,9 of 20,4 of 6,1 of 10,0 of 2,1 of 3,2 of 3,7 of 7,6 of 11,9 of 20,0 of 0,0 of 0,0 of 0,0 of 0,3 of 3,0 of 0,1,0,0,0,2:46,0:00,W,Submission,1,4:48,Mark Smith,http://ufcstats.com/fight-details/9d8473ae274ed625
Trevin Giles,Carlos Prates,0,1,70 of 105,38 of 73,68 of 102,37 of 72,25 of 51,3 of 24,2 of 2,18 of 26,41 of 49,16 of 22,67 of 100,37 of 72,1 of 2,0 of 0,0 of 0,0 of 0,0 of 2,0 of 0,0,0,0,0,1:28,0:00,L,KO/TKO,2,4:03,Mike Beltran,http://ufcstats.com/fight-details/246fef4b19c3a7ed
Bolaji Oki,Timmy Cuamba,0,0,61 of 157,35 of 96,60 of 152,33 of 94,51 of 139,20 of 67,5 of 8,8 of 14,4 of 5,5 of 13,58 of 145,26 of 86,1 of 4,5 of 6,1 of 3,2 of 2,1 of 1,1 of 6,0,0,0,0,1:49,1:55,W,Decision - Split,3,5:00,Chris Tognoni,http://ufcstats.com/fight-details/edf46d6962be7e8d
Loma Lookboonmee,Bruna Brasil,0,0,73 of 131,52 of 99,58 of 112,28 of 63,15 of 52,9 of 39,29 of 38,12 of 16,14 of 22,7 of 8,47 of 98,22 of 55,11 of 14,6 of 8,0 of 0,0 of 0,1 of 2,1 of 2,0,0,0,0,0:55,2:29,W,Decision - Unanimous,3,5:00,Jason Herzog,http://ufcstats.com/fight-details/c3986c1a56a6e94d
Devin Clark,Marcin Prachnio,0,0,53 of 127,112 of 204,53 of 127,101 of 189,36 of 106,42 of 113,13 of 16,37 of 51,4 of 5,22 of 25,49 of 120,78 of 156,4 of 7,23 of 33,0 of 0,0 of 0,0 of 2,1 of 1,0,0,0,0,0:14,0:44,L,Decision - Unanimous,3,5:00,Mark Smith,http://ufcstats.com/fight-details/dbfd7616dec2b6d5
Max Griffin,Jeremiah Wells,0,0,36 of 65,43 of 97,26 of 53,32 of 86,21 of 48,27 of 76,4 of 4,5 of 7,1 of 1,0 of 3,24 of 51,32 of 85,2 of 2,0 of 1,0 of 0,0 of 0,1 of 2,1 of 2,0,0,0,0,1:40,1:40,W,Decision - Split,3,5:00,Chris Tognoni,http://ufcstats.com/fight-details/08f7a60bd84a6b3c
Zac Pauga,Bogdan Guskov,0,1,19 of 28,25 of 44,17 of 26,10 of 29,7 of 13,10 of 29,2 of 5,0 of 0,8 of 8,0 of 0,14 of 22,10 of 29,3 of 4,0 of 0,0 of 0,0 of 0,0 of 2,0 of 0,0,0,0,0,1:04,0:04,L,KO/TKO,1,3:38,Mike Beltran,http://ufcstats.com/fight-details/ad26bf55ff201f4f
Fernie Garcia,Hyder Amil,0,1,31 of 87,109 of 194,26 of 79,79 of 144,22 of 75,60 of 121,3 of 3,14 of 17,1 of 1,5 of 6,25 of 78,58 of 109,1 of 1,3 of 9,0 of 0,18 of 26,0 of 0,1 of 3,0,2,1,1,0:56,2:20,L,KO/TKO,2,2:12,Mark Smith,http://ufcstats.com/fight-details/478a637045ad49fb
Daniel Marcos,Aoriqileng,0,0,84 of 129,45 of 96,81 of 126,45 of 95,50 of 84,26 of 71,12 of 19,10 of 12,19 of 23,9 of 12,69 of 113,43 of 93,5 of 6,2 of 2,7 of 7,0 of 0,0 of 0,0 of 0,0,0,0,0,0:28,0:38,NC,Could Not Continue,2,3:28,Jason Herzog,http://ufcstats.com/fight-details/6cd542650d886c22
Roman Dolidze,Nassourdine Imavov,0,1,59 of 190,154 of 248,34 of 152,112 of 189,14 of 113,71 of 132,8 of 13,24 of 38,12 of 26,17 of 19,32 of 145,67 of 129,2 of 7,13 of 16,0 of 0,32 of 44,0 of 4,0 of 0,0,1,1,0,10:11,3:52,L,Decision - Majority,5,5:00,Herb Dean,http://ufcstats.com/fight-details/767ceb4a0cb43ade
Renato Moicano,Drew Dober,0,0,142 of 177,36 of 73,23 of 42,23 of 59,20 of 39,17 of 50,2 of 2,4 of 7,1 of 1,2 of 2,10 of 27,19 of 52,1 of 2,1 of 1,12 of 13,3 of 6,3 of 6,1 of 2,0,0,0,0,10:33,1:02,W,Decision - Unanimous,3,5:00,Mark Smith,http://ufcstats.com/fight-details/733e675fd7c0052a
Randy Brown,Muslim Salikhov,1,0,13 of 46,10 of 22,13 of 46,10 of 22,6 of 33,0 of 9,1 of 5,1 of 2,6 of 8,9 of 11,12 of 45,10 of 22,0 of 0,0 of 0,1 of 1,0 of 0,0 of 0,0 of 0,0,0,0,0,0:03,0:00,W,KO/TKO,1,3:17,Kerry Hatley,http://ufcstats.com/fight-details/af6d56860ba4d259
Viviane Araujo,Natalia Silva,0,0,63 of 110,65 of 157,26 of 67,38 of 128,20 of 58,24 of 103,1 of 3,8 of 16,5 of 6,6 of 9,25 of 66,38 of 128,1 of 1,0 of 0,0 of 0,0 of 0,1 of 9,0 of 1,0,0,0,0,6:01,0:00,L,Decision - Unanimous,3,5:00,Mark Smith,http://ufcstats.com/fight-details/7b1882dc76786d77
Aliaskhab Khizriev,Makhmud Muradov,0,0,1 of 2,1 of 1,1 of 2,1 of 1,0 of 1,0 of 0,1 of 1,1 of 1,0 of 0,0 of 0,1 of 2,1 of 1,0 of 0,0 of 0,0 of 0,0 of 0,0 of 0,0 of 0,0,0,0,0,0:00,0:00,NC,Could Not Continue,1,0:11,Herb Dean,http://ufcstats.com/fight-details/415ea2520b7ba720
Gilbert Urbina,Charles Radtke,0,2,16 of 38,33 of 51,16 of 38,30 of 47,4 of 17,23 of 40,6 of 10,0 of 0,6 of 11,7 of 7,16 of 38,27 of 43,0 of 0,0 of 0,0 of 0,3 of 4,0 of 1,0 of 0,0,0,0,0,0:05,0:08,L,KO/TKO,1,4:47,Mark Smith,http://ufcstats.com/fight-details/330d86bfaa4155fe
Molly McCann,Diana Belbita,0,0,43 of 92,29 of 77,42 of 91,29 of 77,27 of 71,9 of 46,14 of 19,13 of 23,1 of 1,7 of 8,34 of 76,24 of 72,2 of 4,5 of 5,6 of 11,0 of 0,2 of 2,0 of 0,1,0,0,0,1:08,0:00,W,Submission,1,4:59,Kerry Hatley,http://ufcstats.com/fight-details/d4ace70b3661ee6c
Azat Maksum,Charles Johnson,1,0,40 of 166,81 of 149,38 of 163,76 of 140,25 of 142,29 of 76,6 of 11,20 of 27,7 of 10,27 of 37,36 of 160,66 of 127,2 of 3,7 of 9,0 of 0,3 of 4,2 of 7,2 of 6,1,3,1,0,2:29,0:47,L,Decision - Unanimous,3,5:00,Eric McMahon,http://ufcstats.com/fight-details/ca7d61e167d7789c
Themba Gorimbo,Pete Rodriguez,1,0,12 of 18,0 of 5,12 of 18,0 of 5,10 of 16,0 of 3,1 of 1,0 of 1,1 of 1,0 of 1,3 of 6,0 of 5,2 of 2,0 of 0,7 of 10,0 of 0,0 of 1,0 of 0,0,0,0,0,0:05,0:00,W,KO/TKO,1,0:32,Herb Dean,http://ufcstats.com/fight-details/4cff9aeef3ac75c1
JeongYeong Lee,Blake Bilder,0,0,75 of 121,36 of 77,49 of 82,19 of 54,33 of 62,3 of 27,14 of 18,2 of 5,2 of 2,14 of 22,21 of 40,8 of 40,11 of 11,10 of 13,17 of 31,1 of 1,2 of 3,0 of 3,0,0,0,0,4:29,5:18,W,Decision - Unanimous,3,5:00,Mark Smith,http://ufcstats.com/fight-details/e1930496b33fa636
Luana Carolina,Julija Stoliarenko,0,0,138 of 230,21 of 68,66 of 136,16 of 59,41 of 96,7 of 40,15 of 26,6 of 10,10 of 14,3 of 9,28 of 75,11 of 51,13 of 20,5 of 8,25 of 41,0 of 0,2 of 3,1 of 5,0,3,0,0,5:27,3:47,W,KO/TKO,3,4:52,Eric McMahon,http://ufcstats.com/fight-details/c28d40498150de90
Landon Quinones,MarQuel Mederos,0,0,78 of 176,74 of 165,55 of 149,60 of 146,41 of 115,28 of 103,11 of 26,18 of 26,3 of 8,14 of 17,54 of 145,55 of 141,1 of 4,5 of 5,0 of 0,0 of 0,1 of 3,0 of 5,0,0,0,0,2:04,4:13,L,Decision - Unanimous,3,5:00,Kerry Hatley,http://ufcstats.com/fight-details/e396c509fb47b037
Thomas Petersen,Jamal Pogues,0,0,116 of 153,66 of 125,58 of 86,65 of 124,26 of 50,43 of 94,30 of 34,15 of 23,2 of 2,7 of 7,54 of 81,56 of 111,4 of 5,9 of 13,0 of 0,0 of 0,1 of 6,0 of 0,0,0,0,0,2:47,0:04,L,Decision - Unanimous,3,5:00,Eric McMahon,http://ufcstats.com/fight-details/df9847839c73a678
Sean Strickland,Dricus Du Plessis,0,0,183 of 419,140 of 358,173 of 408,137 of 354,157 of 387,81 of 283,10 of 15,32 of 37,6 of 6,24 of 34,173 of 408,134 of 348,0 of 0,3 of 5,0 of 0,0 of 1,0 of 0,6 of 11,0,0,0,0,0:00,2:08,L,Decision - Split,5,5:00,Marc Goddard,http://ufcstats.com/fight-details/14e53999507c76a7
Raquel Pennington,Mayra Bueno Silva,0,0,265 of 342,96 of 118,134 of 201,69 of 88,91 of 156,32 of 44,32 of 34,26 of 30,11 of 11,11 of 14,54 of 110,28 of 45,38 of 43,38 of 40,42 of 48,3 of 3,1 of 3,3 of 9,2,3,2,0,11:28,8:58,W,Decision - Unanimous,5,5:00,Jerin Valel,http://ufcstats.com/fight-details/faf15b752fb8924c
Neil Magny,Mike Malott,0,0,110 of 159,100 of 128,57 of 102,45 of 67,52 of 95,19 of 40,3 of 3,4 of 4,2 of 4,22 of 23,13 of 44,30 of 49,0 of 2,0 of 0,44 of 56,15 of 18,1 of 2,4 of 6,0,0,0,0,1:47,6:02,W,KO/TKO,3,4:45,Kevin MacDonald,http://ufcstats.com/fight-details/97817609ed46baa0
Chris Curtis,Marc-Andre Barriault,0,0,144 of 262,124 of 245,140 of 258,122 of 243,101 of 210,77 of 189,35 of 44,33 of 42,4 of 4,12 of 12,116 of 230,105 of 218,24 of 28,17 of 25,0 of 0,0 of 0,0 of 0,0 of 0,0,0,0,0,0:00,0:00,W,Decision - Split,3,5:00,Todd Ronald Anderson,http://ufcstats.com/fight-details/ba5005d1116fa45f
Arnold Allen,Movsar Evloev,0,0,61 of 143,72 of 141,59 of 140,51 of 118,41 of 115,35 of 101,17 of 24,12 of 13,1 of 1,4 of 4,46 of 124,45 of 110,9 of 12,5 of 7,4 of 4,1 of 1,0 of 0,5 of 17,1,0,0,0,0:03,3:31,L,Decision - Unanimous,3,5:00,Marc Goddard,http://ufcstats.com/fight-details/1a7cd191f0cf160c
Brad Katona,Garrett Armfield,0,0,76 of 172,130 of 193,64 of 155,105 of 168,49 of 138,74 of 131,8 of 9,21 of 27,7 of 8,10 of 10,46 of 126,99 of 162,17 of 28,6 of 6,1 of 1,0 of 0,4 of 9,0 of 1,0,0,0,0,4:35,0:00,L,Decision - Unanimous,3,5:00,Kevin MacDonald,http://ufcstats.com/fight-details/670e4754d8d3d172
Charles Jourdain,Sean Woodson,0,0,78 of 175,102 of 193,60 of 156,80 of 168,19 of 98,59 of 143,20 of 32,10 of 13,21 of 26,11 of 12,52 of 147,70 of 156,8 of 9,8 of 9,0 of 0,2 of 3,0 of 4,1 of 3,1,0,0,0,1:58,0:39,L,Decision - Split,3,5:00,Jerin Valel,http://ufcstats.com/fight-details/331ddc1141e934d1
Serhiy Sidey,Ramon Taveras,0,1,81 of 229,62 of 148,79 of 226,62 of 147,51 of 181,48 of 131,20 of 36,8 of 10,8 of 9,6 of 6,73 of 218,60 of 144,6 of 8,1 of 1,0 of 0,1 of 2,0 of 4,0 of 0,0,0,0,0,0:24,0:06,L,Decision - Split,3,5:00,Todd Ronald Anderson,http://ufcstats.com/fight-details/43d90683078fcee5
Gillian Robertson,Polyana Viana,0,0,49 of 91,33 of 66,23 of 39,12 of 41,20 of 35,10 of 37,0 of 0,2 of 3,3 of 4,0 of 1,5 of 13,9 of 37,0 of 0,0 of 0,18 of 26,3 of 4,2 of 2,0 of 0,1,0,0,0,6:06,0:27,W,KO/TKO,2,3:12,Kevin MacDonald,http://ufcstats.com/fight-details/dff2685afd98ed9e
Yohan Lainesse,Sam Patterson,0,0,1 of 9,5 of 10,1 of 9,5 of 10,1 of 8,5 of 10,0 of 0,0 of 0,0 of 1,0 of 0,1 of 9,5 of 10,0 of 0,0 of 0,0 of 0,0 of 0,0 of 0,1 of 1,0,1,0,0,0:05,0:41,L,Submission,1,2:03,Brian Beauchamp,http://ufcstats.com/fight-details/a10e2d5416972b9c
Jasmine Jasudavicius,Priscila Cachoeira,1,0,326 of 398,26 of 52,93 of 120,24 of 50,84 of 109,19 of 44,6 of 8,3 of 4,3 of 3,2 of 2,23 of 34,20 of 45,2 of 3,0 of 0,68 of 83,4 of 5,2 of 5,0 of 0,3,0,0,0,11:25,0:05,W,Submission,3,4:21,Mathew Rocca,http://ufcstats.com/fight-details/7736eb6bd5c1ff4a
Malcolm Gordon,Jimmy Flick,0,0,74 of 116,7 of 11,37 of 70,3 of 7,35 of 67,2 of 5,2 of 3,0 of 1,0 of 0,1 of 1,18 of 41,3 of 7,5 of 5,0 of 0,14 of 24,0 of 0,1 of 1,1 of 4,1,4,0,0,4:13,1:07,L,Submission,2,1:17,Todd Ronald Anderson,http://ufcstats.com/fight-details/ab105e5a56b5ee90
Magomed Ankalaev,Johnny Walker,1,0,39 of 58,26 of 73,39 of 58,24 of 71,8 of 22,2 of 34,6 of 7,3 of 6,25 of 29,19 of 31,38 of 57,24 of 71,0 of 0,0 of 0,1 of 1,0 of 0,0 of 0,0 of 0,0,0,0,0,0:05,0:00,W,KO/TKO,2,2:42,Marc Goddard,http://ufcstats.com/fight-details/f2b407019b2a5c15
Jim Miller,Gabriel Benitez,0,0,96 of 157,84 of 188,80 of 140,80 of 182,50 of 108,51 of 145,10 of 12,13 of 21,20 of 20,16 of 16,67 of 125,79 of 181,5 of 7,1 of 1,8 of 8,0 of 0,2 of 2,0 of 0,1,0,0,0,3:55,0:01,W,Submission,3,3:25,Dan Miragliotta,http://ufcstats.com/fight-details/640f2ae3995b3b4f
Ricky Simon,Mario Bautista,0,0,52 of 115,118 of 276,45 of 108,112 of 270,33 of 95,76 of 219,4 of 4,31 of 42,8 of 9,5 of 9,44 of 106,110 of 266,1 of 2,2 of 3,0 of 0,0 of 1,2 of 13,0 of 3,0,0,0,0,3:00,0:14,L,Decision - Unanimous,3,5:00,Mark Smith,http://ufcstats.com/fight-details/a8239866e1222eae
Phil Hawes,Brunno Ferreira,0,1,13 of 28,24 of 49,13 of 27,19 of 43,8 of 18,18 of 38,4 of 7,0 of 4,1 of 2,1 of 1,12 of 24,15 of 33,1 of 3,0 of 3,0 of 0,4 of 7,0 of 1,1 of 4,0,0,0,0,0:00,1:37,L,KO/TKO,1,4:55,Chris Tognoni,http://ufcstats.com/fight-details/d0d99889c6abd8e1
Andrei Arlovski,Waldo Cortes-Acosta,0,0,58 of 127,50 of 137,58 of 127,49 of 136,13 of 63,24 of 97,22 of 40,11 of 19,23 of 24,14 of 20,58 of 127,46 of 131,0 of 0,3 of 5,0 of 0,0 of 0,0 of 0,0 of 0,0,0,0,0,0:00,0:00,L,Decision - Unanimous,3,5:00,Marc Goddard,http://ufcstats.com/fight-details/6f13fe34cb3ca906
Matthew Semelsberger,Preston Parsons,0,0,33 of 77,116 of 165,28 of 69,47 of 87,18 of 55,25 of 62,4 of 8,9 of 11,6 of 6,13 of 14,23 of 60,25 of 59,3 of 7,11 of 13,2 of 2,11 of 15,1 of 2,7 of 11,2,2,0,1,3:08,6:26,L,Decision - Unanimous,3,5:00,Dan Miragliotta,http://ufcstats.com/fight-details/5f622d812b8f407f
Marcus McGhee,Gaston Bolanos,1,0,74 of 134,28 of 82,65 of 123,28 of 81,57 of 114,14 of 57,7 of 8,7 of 14,1 of 1,7 of 10,52 of 108,28 of 81,3 of 4,0 of 0,10 of 11,0 of 0,1 of 3,0 of 0,0,0,0,0,1:47,0:04,W,KO/TKO,2,3:29,Mark Smith,http://ufcstats.com/fight-details/03de7404decde12f
Farid Basharat,Taylor Lapilus,0,0,55 of 116,41 of 94,42 of 100,40 of 93,14 of 53,24 of 67,7 of 19,11 of 16,21 of 28,5 of 10,39 of 92,34 of 86,2 of 5,2 of 3,1 of 3,4 of 4,5 of 16,0 of 0,1,0,0,0,6:58,0:02,W,Decision - Unanimous,3,5:00,Chris Tognoni,http://ufcstats.com/fight-details/477c3b9de012e4b3
Westin Wilson,Jean Silva,0,1,11 of 36,25 of 36,11 of 36,25 of 36,8 of 28,24 of 32,0 of 5,1 of 4,3 of 3,0 of 0,11 of 35,23 of 34,0 of 1,2 of 2,0 of 0,0 of 0,0 of 3,1 of 1,0,0,0,0,0:04,0:08,L,KO/TKO,1,4:12,Marc Goddard,http://ufcstats.com/fight-details/0494ebcee93e717b
Nikolas Motta,Tom Nolan,1,0,21 of 40,12 of 20,21 of 40,12 of 20,19 of 35,5 of 13,2 of 5,5 of 5,0 of 0,2 of 2,8 of 19,11 of 18,0 of 1,1 of 2,13 of 20,0 of 0,0 of 0,0 of 0,0,0,0,0,0:09,0:00,W,KO/TKO,1,1:03,Dan Miragliotta,http://ufcstats.com/fight-details/5344e76e26503716
Joshua Van,Felipe Bunes,1,0,154 of 222,57 of 101,83 of 141,50 of 91,63 of 116,29 of 64,15 of 19,11 of 16,5 of 6,10 of 11,61 of 115,49 of 90,9 of 11,1 of 1,13 of 15,0 of 0,1 of 1,2 of 6,0,0,0,0,1:14,2:02,W,KO/TKO,2,4:31,Mark Smith,http://ufcstats.com/fight-details/fd29123ff92789e4
Leon Edwards,Colby Covington,0,0,65 of 116,109 of 194,57 of 108,44 of 126,21 of 62,20 of 86,14 of 21,7 of 12,22 of 25,17 of 28,56 of 107,44 of 125,0 of 0,0 of 1,1 of 1,0 of 0,2 of 3,2 of 10,2,0,1,0,1:27,5:04,W,Decision - Unanimous,5,5:00,Herb Dean,http://ufcstats.com/fight-details/3fa8ee3fdc04fe36
Alexandre Pantoja,Brandon Royval,0,0,126 of 195,281 of 390,95 of 156,111 of 204,49 of 101,102 of 193,22 of 30,7 of 9,24 of 25,2 of 2,74 of 130,91 of 177,5 of 6,5 of 6,16 of 20,15 of 21,8 of 14,0 of 1,1,0,0,2,15:51,0:47,W,Decision - Unanimous,5,5:00,Marc Goddard,http://ufcstats.com/fight-details/4896b36f1333d25c
Shavkat Rakhmonov,Stephen Thompson,0,0,73 of 88,26 of 37,28 of 36,16 of 25,24 of 31,6 of 15,4 of 5,7 of 7,0 of 0,3 of 3,5 of 8,13 of 22,10 of 15,1 of 1,13 of 13,2 of 2,1 of 5,0 of 0,2,0,0,0,7:45,0:00,W,Submission,2,4:56,Jason Herzog,http://ufcstats.com/fight-details/1efc813ccd7a5aba
Tony Ferguson,Paddy Pimblett,0,1,90 of 134,151 of 217,62 of 105,106 of 165,35 of 66,73 of 127,23 of 35,13 of 17,4 of 4,20 of 21,51 of 91,66 of 109,0 of 0,0 of 0,11 of 14,40 of 56,0 of 0,1 of 4,0,0,0,0,0:00,8:53,L,Decision - Unanimous,3,5:00,Mark Smith,http://ufcstats.com/fight-details/ac8628d945a78b03
Josh Emmett,Bryce Mitchell,1,0,2 of 10,0 of 3,2 of 10,0 of 3,1 of 4,0 of 1,1 of 5,0 of 0,0 of 1,0 of 2,2 of 10,0 of 3,0 of 0,0 of 0,0 of 0,0 of 0,0 of 0,0 of 0,0,0,0,0,0:00,0:00,W,KO/TKO,1,1:57,Herb Dean,http://ufcstats.com/fight-details/3b21a9f48bac4a44
Alonzo Menifield,Dustin Jacoby,1,0,95 of 145,113 of 171,68 of 117,93 of 150,58 of 104,69 of 122,2 of 4,15 of 18,8 of 9,9 of 10,51 of 94,78 of 135,14 of 20,15 of 15,3 of 3,0 of 0,1 of 2,0 of 0,0,0,0,0,2:03,2:08,W,Decision - Unanimous,3,5:00,Chris Tognoni,http://ufcstats.com/fight-details/521a0e016878d174
Irene Aldana,Karol Rosa,0,0,145 of 308,204 of 350,145 of 308,204 of 350,122 of 276,103 of 237,20 of 28,6 of 11,3 of 4,95 of 102,145 of 308,204 of 349,0 of 0,0 of 1,0 of 0,0 of 0,0 of 0,0 of 1,0,0,0,0,0:00,0:00,W,Decision - Unanimous,3,5:00,Jason Herzog,http://ufcstats.com/fight-details/609d994bfe440ec3
Cody Garbrandt,Brian Kelleher,1,0,21 of 42,21 of 29,20 of 41,17 of 25,16 of 37,9 of 13,2 of 2,1 of 3,2 of 2,7 of 9,16 of 35,17 of 24,4 of 6,0 of 1,0 of 0,0 of 0,0 of 0,0 of 1,0,0,0,0,0:19,0:36,W,KO/TKO,1,3:42,Marc Goddard,http://ufcstats.com/fight-details/f8a8871d167fc929
Casey O'Neill,Ariane Lipski,0,0,32 of 75,86 of 152,31 of 74,64 of 127,17 of 57,45 of 106,3 of 3,16 of 18,11 of 14,3 of 3,29 of 72,37 of 95,2 of 2,9 of 11,0 of 0,18 of 21,0 of 2,1 of 1,0,1,0,0,0:20,0:58,L,Submission,2,1:18,Mark Smith,http://ufcstats.com/fight-details/c442899c21d58779
Tagir Ulanbekov,Cody Durden,1,0,45 of 63,55 of 67,24 of 41,32 of 43,19 of 35,22 of 31,4 of 5,3 of 3,1 of 1,7 of 9,15 of 32,24 of 34,5 of 5,3 of 4,4 of 4,5 of 5,2 of 2,0 of 0,5,0,1,0,6:03,0:36,W,Submission,2,4:25,Chris Tognoni,http://ufcstats.com/fight-details/4ec249e549309b16
Andre Fili,Lucas Almeida,1,0,25 of 42,10 of 25,20 of 36,10 of 25,16 of 29,1 of 11,3 of 6,0 of 1,1 of 1,9 of 13,8 of 21,10 of 25,0 of 0,0 of 0,12 of 15,0 of 0,0 of 0,0 of 0,0,0,0,0,0:15,0:00,W,KO/TKO,1,3:32,Jason Herzog,http://ufcstats.com/fight-details/abb6e2169ba580d2
Martin Buday,Shamil Gaziev,0,0,13 of 26,60 of 114,8 of 20,49 of 98,8 of 19,35 of 79,0 of 1,14 of 19,0 of 0,0 of 0,8 of 17,35 of 73,0 of 3,5 of 10,0 of 0,9 of 15,0 of 2,0 of 0,0,0,0,0,0:20,2:18,L,KO/TKO,2,0:56,Mark Smith,http://ufcstats.com/fight-details/fce6522f42b48f18
Song Yadong,Chris Gutierrez,0,0,160 of 283,105 of 165,77 of 165,87 of 145,35 of 100,8 of 39,12 of 20,3 of 15,30 of 45,76 of 91,49 of 127,87 of 145,4 of 6,0 of 0,24 of 32,0 of 0,2 of 3,0 of 2,0,0,0,0,11:01,0:00,W,Decision - Unanimous,5,5:00,Herb Dean,http://ufcstats.com/fight-details/f9ec8bedc15ece93
Anthony Smith,Khalil Rountree Jr.,0,1,52 of 89,56 of 118,47 of 84,53 of 114,27 of 62,33 of 94,14 of 16,14 of 14,6 of 6,6 of 6,46 of 83,51 of 109,1 of 1,1 of 3,0 of 0,1 of 2,0 of 2,0 of 0,0,0,0,0,0:11,0:58,L,KO/TKO,3,0:56,Mark Smith,http://ufcstats.com/fight-details/91093a019d32af2e
Nasrat Haqparast,Jamie Mullarkey,2,0,18 of 31,8 of 23,16 of 29,8 of 23,14 of 27,3 of 16,2 of 2,2 of 4,0 of 0,3 of 3,4 of 13,8 of 23,6 of 8,0 of 0,6 of 8,0 of 0,0 of 0,0 of 0,0,0,0,0,0:05,0:00,W,KO/TKO,1,1:44,Keith Peterson,http://ufcstats.com/fight-details/acc57a9c114b694a
Tim Elliott,Sumudaerji,0,0,26 of 37,10 of 25,10 of 21,10 of 25,6 of 13,6 of 19,0 of 1,3 of 4,4 of 7,1 of 2,8 of 18,10 of 25,2 of 2,0 of 0,0 of 1,0 of 0,1 of 3,0 of 0,1,0,0,0,2:05,0:00,W,Submission,1,4:02,Herb Dean,http://ufcstats.com/fight-details/fbedeb4e4b019b94
JunYong Park,Andre Muniz,0,0,52 of 96,35 of 60,27 of 60,14 of 30,21 of 54,10 of 25,3 of 3,3 of 4,3 of 3,1 of 1,11 of 25,13 of 29,0 of 0,0 of 0,16 of 35,1 of 1,0 of 0,11 of 14,0,0,2,1,2:58,9:34,L,Decision - Split,3,5:00,Chris Tognoni,http://ufcstats.com/fight-details/1afc4f372a125c74
Song Kenan,Kevin Jousset,0,0,88 of 188,158 of 263,62 of 156,134 of 235,43 of 128,78 of 171,8 of 10,15 of 20,11 of 18,41 of 44,55 of 145,121 of 219,7 of 11,13 of 16,0 of 0,0 of 0,0 of 1,1 of 2,0,0,0,0,0:00,1:26,L,Decision - Unanimous,3,5:00,Mark Smith,http://ufcstats.com/fight-details/3adab28c5c6a9254
HyunSung Park,Shannon Ross,2,0,65 of 154,61 of 135,50 of 124,47 of 115,33 of 101,25 of 88,11 of 15,9 of 12,6 of 8,13 of 15,36 of 88,46 of 107,6 of 14,1 of 8,8 of 22,0 of 0,0 of 1,0 of 0,0,0,0,0,3:21,0:00,W,KO/TKO,2,3:59,Keith Peterson,http://ufcstats.com/fight-details/35addc4646509286
Steve Garcia,Melquizael Costa,1,0,41 of 66,20 of 25,29 of 49,6 of 10,26 of 45,1 of 5,2 of 3,2 of 2,1 of 1,3 of 3,4 of 10,2 of 3,3 of 8,4 of 7,22 of 31,0 of 0,0 of 0,2 of 10,1,0,0,0,0:46,4:41,W,KO/TKO,2,1:01,Chris Tognoni,http://ufcstats.com/fight-details/5ac1725f775c6f00
Luana Santos,Stephanie Egger,0,0,97 of 161,112 of 193,53 of 104,44 of 115,20 of 61,31 of 97,22 of 29,13 of 17,11 of 14,0 of 1,50 of 95,29 of 96,3 of 9,15 of 19,0 of 0,0 of 0,2 of 4,1 of 1,0,0,0,0,7:44,1:06,W,Decision - Unanimous,3,5:00,Herb Dean,http://ufcstats.com/fight-details/5a6e894e4b6cc703
Tatsuro Taira,Carlos Hernandez,1,0,44 of 60,2 of 4,33 of 43,2 of 4,30 of 40,2 of 4,1 of 1,0 of 0,2 of 2,0 of 0,7 of 8,2 of 4,0 of 1,0 of 0,26 of 34,0 of 0,0 of 0,0 of 2,0,0,0,0,3:36,0:53,W,KO/TKO,2,0:55,Mark Smith,http://ufcstats.com/fight-details/84f6de7c99779e5f
Rayanne Amanda,Talita Alencar,0,0,80 of 156,48 of 176,57 of 130,36 of 157,41 of 104,21 of 125,11 of 17,12 of 25,5 of 9,3 of 7,45 of 117,21 of 133,11 of 12,8 of 12,1 of 1,7 of 12,0 of 1,1 of 9,0,0,0,0,0:14,2:44,L,Decision - Split,3,5:00,Keith Peterson,http://ufcstats.com/fight-details/acde7c89bd724af8
Beneil Dariush,Arman Tsarukyan,0,1,2 of 8,8 of 15,2 of 8,8 of 15,0 of 5,8 of 15,0 of 1,0 of 0,2 of 2,0 of 0,2 of 8,4 of 10,0 of 0,2 of 2,0 of 0,2 of 3,0 of 0,0 of 0,0,0,0,0,0:00,0:03,L,KO/TKO,1,1:04,Mark Smith,http://ufcstats.com/fight-details/9feb9500b0fedfcd
Jalin Turner,Bobby Green,1,0,33 of 60,15 of 26,33 of 60,15 of 26,26 of 48,5 of 14,2 of 4,3 of 4,5 of 8,7 of 8,18 of 41,14 of 24,0 of 0,1 of 2,15 of 19,0 of 0,0 of 0,0 of 0,0,0,0,0,0:12,0:02,W,KO/TKO,1,2:49,Kerry Hatley,http://ufcstats.com/fight-details/03eecf1926d9c77c
Rob Font,Deiveson Figueiredo,0,0,48 of 96,53 of 84,46 of 94,45 of 74,39 of 85,35 of 64,5 of 6,7 of 7,2 of 3,3 of 3,44 of 92,33 of 60,2 of 2,6 of 7,0 of 0,6 of 7,0 of 2,4 of 7,0,0,0,0,0:22,4:02,L,Decision - Unanimous,3,5:00,Jeff Rexroad,http://ufcstats.com/fight-details/246d06693b5ca1e8
Sean Brady,Kelvin Gastelum,0,0,97 of 130,21 of 35,14 of 24,18 of 32,8 of 16,7 of 19,1 of 2,7 of 8,5 of 6,4 of 5,7 of 15,13 of 23,1 of 1,4 of 5,6 of 8,1 of 4,5 of 5,0 of 0,3,0,0,1,9:06,0:19,W,Submission,3,1:43,Jacob Montalvo,http://ufcstats.com/fight-details/39c4ae4624052f9f
Clay Guida,Joaquim Silva,0,0,63 of 155,85 of 141,43 of 134,46 of 91,19 of 103,33 of 72,14 of 20,9 of 15,10 of 11,4 of 4,36 of 127,28 of 64,7 of 7,15 of 19,0 of 0,3 of 8,2 of 11,2 of 3,0,2,0,0,4:23,2:35,L,Decision - Unanimous,3,5:00,Mark Smith,http://ufcstats.com/fight-details/20bfa549cb2cabe7
Punahele Soriano,Dustin Stoltzfus,0,1,33 of 76,78 of 140,31 of 73,64 of 123,18 of 56,24 of 79,9 of 11,23 of 27,4 of 6,17 of 17,30 of 72,60 of 116,1 of 1,4 of 7,0 of 0,0 of 0,0 of 0,4 of 7,0,1,0,0,0:00,2:12,L,Submission,2,4:10,Kerry Hatley,http://ufcstats.com/fight-details/02713b2d25f74d43
Miesha Tate,Julia Avila,0,0,127 of 152,11 of 21,32 of 37,3 of 11,31 of 35,3 of 11,1 of 1,0 of 0,0 of 1,0 of 0,5 of 8,3 of 11,0 of 0,0 of 0,27 of 29,0 of 0,4 of 5,0 of 0,1,0,0,0,10:55,0:00,W,Submission,3,1:15,Jacob Montalvo,http://ufcstats.com/fight-details/626c82ed45fdcf59
Zach Reese,Cody Brundage,0,0,10 of 12,12 of 16,4 of 5,9 of 12,3 of 4,7 of 10,0 of 0,1 of 1,1 of 1,1 of 1,1 of 2,4 of 4,1 of 1,0 of 0,2 of 2,5 of 8,0 of 0,1 of 1,1,0,0,0,0:00,1:25,L,KO/TKO,1,1:49,Jeff Rexroad,http://ufcstats.com/fight-details/0320a6a967069571
Drakkar Klose,Joe Solecki,0,0,8 of 9,9 of 13,2 of 2,1 of 1,1 of 1,1 of 1,0 of 0,0 of 0,1 of 1,0 of 0,1 of 1,1 of 1,0 of 0,0 of 0,1 of 1,0 of 0,0 of 0,1 of 2,0,0,1,0,0:40,0:53,W,KO/TKO,1,1:41,Mark Smith,http://ufcstats.com/fight-details/d0602cdc04d2c159
Rodolfo Bellato,Ihor Potieria,0,1,99 of 160,92 of 153,80 of 131,73 of 127,70 of 116,58 of 111,9 of 12,9 of 10,1 of 3,6 of 6,18 of 46,38 of 73,11 of 14,12 of 21,51 of 71,23 of 33,1 of 4,0 of 0,0,0,0,0,2:49,1:41,W,KO/TKO,2,4:17,Jacob Montalvo,http://ufcstats.com/fight-details/0dc2fc8d39e226a3
Wellington Turman,Jared Gooden,0,0,46 of 73,62 of 95,37 of 57,53 of 83,27 of 47,33 of 59,2 of 2,14 of 18,8 of 8,6 of 6,32 of 49,43 of 72,2 of 2,1 of 1,3 of 6,9 of 10,1 of 1,1 of 1,0,1,0,0,1:40,0:31,L,Submission,2,1:11,Jeff Rexroad,http://ufcstats.com/fight-details/32813f5f46f045e8
Veronica Hardy,Jamey-Lyn Horth,0,0,61 of 122,74 of 125,43 of 101,43 of 87,29 of 86,16 of 49,11 of 11,20 of 26,3 of 4,7 of 12,30 of 81,23 of 59,13 of 20,20 of 28,0 of 0,0 of 0,1 of 2,1 of 3,0,0,0,0,1:34,3:59,W,Decision - Split,3,5:00,Mark Smith,http://ufcstats.com/fight-details/d0ac2cc5c57c4e66
Brendan Allen,Paul Craig,0,0,52 of 64,13 of 21,32 of 43,6 of 14,26 of 37,3 of 10,3 of 3,1 of 1,3 of 3,2 of 3,12 of 17,6 of 13,1 of 2,0 of 0,19 of 24,0 of 1,2 of 2,0 of 2,2,1,0,0,7:58,0:34,W,Submission,3,0:38,Mark Smith,http://ufcstats.com/fight-details/7990b6716a53b2cd
Michael Morales,Jake Matthews,0,0,84 of 208,57 of 149,84 of 208,57 of 149,45 of 157,33 of 109,12 of 17,17 of 24,27 of 34,7 of 16,80 of 197,54 of 146,4 of 11,3 of 3,0 of 0,0 of 0,0 of 1,0 of 1,0,0,0,0,0:07,0:03,W,Decision - Unanimous,3,5:00,Herb Dean,http://ufcstats.com/fight-details/73ebbfb998edc1f1
Chase Hooper,Jordan Leavitt,0,0,13 of 18,5 of 10,1 of 3,3 of 4,1 of 3,2 of 3,0 of 0,1 of 1,0 of 0,0 of 0,0 of 2,0 of 0,0 of 0,1 of 1,1 of 1,2 of 3,0 of 0,0 of 2,1,0,0,1,0:57,0:59,W,Submission,1,2:58,Mike Beltran,http://ufcstats.com/fight-details/5be63144ac46f97e
Payton Talbott,Nick Aguirre,0,0,58 of 90,18 of 29,28 of 53,5 of 12,22 of 46,4 of 11,4 of 5,1 of 1,2 of 2,0 of 0,12 of 27,5 of 9,0 of 0,0 of 3,16 of 26,0 of 0,0 of 0,2 of 10,1,0,0,0,3:25,5:46,W,Submission,3,0:58,Mark Smith,http://ufcstats.com/fight-details/2ae243f518948794
Luana Pinheiro,Amanda Ribas,0,1,56 of 120,96 of 234,55 of 116,87 of 224,36 of 86,57 of 158,11 of 18,8 of 29,8 of 12,22 of 37,51 of 109,81 of 212,4 of 6,3 of 6,0 of 1,3 of 6,1 of 6,0 of 1,0,0,0,0,1:11,0:30,L,KO/TKO,3,3:53,Chris Tognoni,http://ufcstats.com/fight-details/bd4d2522cb0d1a23
Uros Medic,Myktybek Orolbai,0,0,17 of 32,16 of 31,14 of 27,8 of 20,10 of 20,6 of 16,4 of 7,0 of 0,0 of 0,2 of 4,5 of 14,3 of 8,8 of 12,1 of 1,1 of 1,4 of 11,0 of 0,7 of 10,0,1,0,0,0:02,7:26,L,Submission,2,4:12,Mike Beltran,http://ufcstats.com/fight-details/b210b99d9c1c9196
Jonathan Pearce,Joanderson Brito,0,0,81 of 96,33 of 47,14 of 16,8 of 20,6 of 6,4 of 15,2 of 4,3 of 4,6 of 6,1 of 1,3 of 4,4 of 12,7 of 8,2 of 3,4 of 4,2 of 5,1 of 4,1 of 1,0,1,1,0,6:15,1:58,L,Submission,2,3:54,Herb Dean,http://ufcstats.com/fight-details/62b64802ea49e2fd
Chad Anheliger,Jose Johnson,0,0,47 of 103,141 of 198,26 of 71,63 of 108,14 of 49,42 of 78,6 of 13,15 of 18,6 of 9,6 of 12,19 of 54,25 of 53,4 of 6,10 of 17,3 of 11,28 of 38,4 of 8,1 of 2,0,1,1,2,6:18,4:20,L,Submission,3,4:49,Chris Tognoni,http://ufcstats.com/fight-details/c1aef0f60a5b62e3
Christian Leroy Duncan,Denis Tiuliulin,1,0,90 of 123,37 of 81,65 of 87,30 of 71,44 of 65,19 of 57,8 of 9,6 of 8,13 of 13,5 of 6,46 of 65,26 of 66,16 of 17,4 of 5,3 of 5,0 of 0,0 of 2,0 of 0,0,0,0,0,4:51,0:00,W,KO/TKO,2,4:24,Mike Beltran,http://ufcstats.com/fight-details/16109688429c09de
Mick Parkin,Caio Machado,0,0,69 of 139,103 of 164,39 of 98,76 of 132,33 of 91,41 of 95,2 of 3,24 of 26,4 of 4,11 of 11,34 of 92,68 of 121,3 of 3,6 of 9,2 of 3,2 of 2,3 of 10,0 of 1,0,0,1,0,6:23,0:20,W,Decision - Unanimous,3,5:00,Mark Smith,http://ufcstats.com/fight-details/36f10b949b935b8c
Jeka Saragih,Lucas Alexander,1,0,4 of 9,11 of 16,4 of 9,11 of 16,3 of 6,6 of 10,1 of 2,2 of 3,0 of 1,3 of 3,2 of 6,11 of 16,0 of 0,0 of 0,2 of 3,0 of 0,1 of 1,0 of 1,0,0,0,0,0:05,0:00,W,KO/TKO,1,1:31,Herb Dean,http://ufcstats.com/fight-details/f0fe73e650b746f2
Lucie Pudilova,Ailin Perez,0,0,41 of 67,123 of 180,20 of 42,42 of 74,13 of 31,31 of 57,7 of 9,5 of 7,0 of 2,6 of 10,5 of 25,12 of 27,9 of 10,3 of 6,6 of 7,27 of 41,0 of 0,2 of 8,1,0,0,0,4:09,8:36,L,Decision - Unanimous,3,5:00,Chris Tognoni,http://ufcstats.com/fight-details/6997693d552600dd
Trey Ogden,Nikolas Motta,0,0,96 of 128,16 of 82,58 of 83,14 of 80,49 of 74,8 of 73,6 of 6,5 of 6,3 of 3,1 of 1,44 of 65,14 of 80,13 of 17,0 of 0,1 of 1,0 of 0,3 of 16,0 of 0,1,0,0,0,4:28,0:00,NC,Overturned,3,3:11,Mike Beltran,http://ufcstats.com/fight-details/6e5a3d6b6ed84ac3
Charles Johnson,Rafael Estevam,0,0,116 of 161,35 of 77,72 of 109,18 of 43,38 of 69,10 of 28,27 of 33,6 of 12,7 of 7,2 of 3,53 of 80,11 of 31,18 of 26,3 of 5,1 of 3,4 of 7,0 of 0,3 of 22,0,1,1,0,0:43,9:23,L,Decision - Unanimous,3,5:00,Chris Tognoni,http://ufcstats.com/fight-details/9abf0b60a44a82d1
Jiri Prochazka,Alex Pereira,0,1,44 of 70,49 of 72,30 of 53,38 of 61,18 of 37,21 of 38,7 of 10,5 of 8,5 of 6,12 of 15,26 of 49,22 of 43,2 of 2,4 of 4,2 of 2,12 of 14,1 of 3,0 of 0,0,1,0,0,2:45,0:08,L,KO/TKO,2,4:08,Marc Goddard,http://ufcstats.com/fight-details/b1f2ec122beda7a5
Sergei Pavlovich,Tom Aspinall,0,1,1 of 7,10 of 14,1 of 7,10 of 14,1 of 7,7 of 10,0 of 0,0 of 1,0 of 0,3 of 3,1 of 7,7 of 11,0 of 0,0 of 0,0 of 0,3 of 3,0 of 0,0 of 0,0,0,0,0,0:00,0:02,L,KO/TKO,1,1:09,Dan Miragliotta,http://ufcstats.com/fight-details/db49619221b282af
Jessica Andrade,Mackenzie Dern,4,0,53 of 107,50 of 115,53 of 107,49 of 114,27 of 76,38 of 100,7 of 9,6 of 9,19 of 22,5 of 5,43 of 90,47 of 109,6 of 12,2 of 5,4 of 5,0 of 0,0 of 0,0 of 4,0,0,0,0,0:13,0:00,W,KO/TKO,2,3:15,Keith Peterson,http://ufcstats.com/fight-details/6fd67582d8adb1c7
Matt Frevola,Benoit Saint Denis,0,1,7 of 12,10 of 15,5 of 9,6 of 11,2 of 6,3 of 7,3 of 3,1 of 2,0 of 0,2 of 2,4 of 8,4 of 9,1 of 1,0 of 0,0 of 0,2 of 2,2 of 2,0 of 0,0,0,0,1,0:25,0:19,L,KO/TKO,1,1:31,Mike Beltran,http://ufcstats.com/fight-details/9fe98de1eac21f2e
Diego Lopes,Pat Sabatini,1,0,13 of 18,10 of 16,13 of 18,7 of 12,11 of 15,3 of 7,2 of 2,3 of 4,0 of 1,1 of 1,4 of 8,5 of 10,3 of 3,1 of 1,6 of 7,1 of 1,0 of 1,0 of 2,0,0,0,0,0:02,0:00,W,KO/TKO,1,1:30,Keith Peterson,http://ufcstats.com/fight-details/128ab9aa4802c73f
Steve Erceg,Alessandro Costa,0,0,104 of 162,85 of 129,74 of 125,54 of 97,41 of 87,31 of 70,25 of 30,14 of 17,8 of 8,9 of 10,43 of 91,35 of 76,26 of 28,19 of 21,5 of 6,0 of 0,1 of 8,1 of 6,1,0,1,0,6:29,1:14,W,Decision - Unanimous,3,5:00,Marc Goddard,http://ufcstats.com/fight-details/5704e73f91b9e7f7
Tabatha Ricci,Loopy Godinez,0,0,91 of 232,101 of 225,84 of 224,98 of 221,68 of 197,81 of 200,8 of 11,15 of 19,8 of 16,2 of 2,78 of 218,85 of 207,4 of 4,11 of 12,2 of 2,2 of 2,0 of 6,0 of 1,0,0,0,0,1:22,0:03,L,Decision - Split,3,5:00,Dan Miragliotta,http://ufcstats.com/fight-details/a0362d60d2e1db0d
Mateusz Rebecki,Roosevelt Roberts,0,0,28 of 38,6 of 12,10 of 16,2 of 7,7 of 11,1 of 5,0 of 1,0 of 1,3 of 4,1 of 1,3 of 9,2 of 7,0 of 0,0 of 0,7 of 7,0 of 0,2 of 2,0 of 0,1,0,0,1,2:14,0:13,W,Submission,1,3:08,Mike Beltran,http://ufcstats.com/fight-details/480c4dbd2e792d86
Nazim Sadykhov,Viacheslav Borshchev,1,0,109 of 228,144 of 242,91 of 207,143 of 241,65 of 172,87 of 178,19 of 26,30 of 34,7 of 9,26 of 29,66 of 175,141 of 239,5 of 8,2 of 2,20 of 24,0 of 0,4 of 7,0 of 0,0,0,0,0,3:32,0:10,D,Decision - Majority,3,5:00,Keith Peterson,http://ufcstats.com/fight-details/83a0fff04494bfc4
Jared Gordon,Mark Madsen,1,0,54 of 87,46 of 69,36 of 66,35 of 57,27 of 57,23 of 44,5 of 5,12 of 13,4 of 4,0 of 0,22 of 51,16 of 37,10 of 11,19 of 20,4 of 4,0 of 0,0 of 0,0 of 0,0,0,0,0,0:19,1:04,W,KO/TKO,1,4:42,Marc Goddard,http://ufcstats.com/fight-details/4c025d1fff9e9fce
John Castaneda,Kyung Ho Kang,0,0,119 of 187,88 of 203,111 of 179,88 of 202,47 of 103,59 of 170,30 of 39,17 of 19,34 of 37,12 of 13,109 of 176,82 of 194,2 of 3,6 of 8,0 of 0,0 of 0,3 of 8,0 of 0,0,0,0,0,2:18,0:00,W,Decision - Unanimous,3,5:00,Dan Miragliotta,http://ufcstats.com/fight-details/57333b7bff20ece0
Joshua Van,Kevin Borjas,0,0,165 of 311,78 of 200,156 of 300,75 of 197,92 of 227,54 of 170,49 of 57,9 of 12,15 of 16,12 of 15,153 of 295,73 of 193,3 of 5,1 of 2,0 of 0,1 of 2,2 of 4,0 of 3,0,0,0,1,1:03,0:21,W,Decision - Unanimous,3,5:00,Mike Beltran,http://ufcstats.com/fight-details/8a0fc4624578a7e4
Dennis Buzukja,Jamall Emmers,0,1,3 of 7,14 of 20,3 of 7,14 of 20,0 of 4,8 of 12,1 of 1,2 of 4,2 of 2,4 of 4,3 of 7,10 of 14,0 of 0,0 of 0,0 of 0,4 of 6,0 of 0,0 of 0,0,0,0,0,0:00,0:03,L,KO/TKO,1,0:49,Keith Peterson,http://ufcstats.com/fight-details/1cf69de0eea46877
Jailton Almeida,Derrick Lewis,0,0,120 of 153,28 of 54,38 of 56,20 of 39,32 of 48,17 of 33,5 of 5,3 of 6,1 of 3,0 of 0,5 of 7,2 of 10,3 of 8,1 of 1,30 of 41,17 of 28,6 of 15,0 of 2,4,0,1,0,21:10,0:57,W,Decision - Unanimous,5,5:00,Marc Goddard,http://ufcstats.com/fight-details/ac37849f627a79c4
Gabriel Bonfim,Nicolas Dalby,0,1,47 of 103,64 of 128,39 of 91,53 of 113,27 of 77,41 of 96,3 of 4,7 of 11,9 of 10,5 of 6,32 of 71,25 of 76,3 of 9,25 of 33,4 of 11,3 of 4,3 of 5,0 of 1,1,0,0,0,4:19,1:27,L,KO/TKO,2,4:33,Jason Herzog,http://ufcstats.com/fight-details/3a81276a9641c6a1
Rodrigo Nascimento,Don'Tale Mayes,0,0,91 of 180,105 of 190,70 of 154,79 of 159,51 of 132,39 of 103,9 of 11,30 of 44,10 of 11,10 of 12,58 of 134,55 of 128,12 of 20,24 of 31,0 of 0,0 of 0,0 of 3,0 of 1,0,0,0,0,2:21,0:39,W,Decision - Unanimous,3,5:00,Osiris Maia,http://ufcstats.com/fight-details/119bc264e2bb9877
Caio Borralho,Abus Magomedov,1,0,70 of 126,39 of 110,51 of 103,38 of 107,33 of 73,19 of 74,11 of 15,14 of 24,7 of 15,5 of 9,50 of 102,38 of 107,0 of 0,0 of 0,1 of 1,0 of 0,0 of 1,0 of 0,0,0,0,0,2:17,0:00,W,Decision - Unanimous,3,5:00,Marc Goddard,http://ufcstats.com/fight-details/7d474fbf31894108
Elves Brener,Kaynan Kruschewsky,1,0,16 of 33,8 of 31,16 of 33,8 of 31,6 of 20,6 of 25,2 of 3,2 of 6,8 of 10,0 of 0,16 of 33,8 of 31,0 of 0,0 of 0,0 of 0,0 of 0,0 of 0,0 of 0,0,0,0,0,0:03,0:00,W,KO/TKO,1,4:01,Osiris Maia,http://ufcstats.com/fight-details/ff8f92cf8fb1b76c
Rinat Fakhretdinov,Elizeu Zaleski dos Santos,1,0,109 of 216,115 of 211,87 of 186,75 of 152,50 of 144,47 of 113,11 of 16,17 of 26,26 of 26,11 of 13,65 of 156,57 of 129,7 of 8,2 of 3,15 of 22,16 of 20,1 of 9,0 of 1,0,1,1,0,4:25,1:24,D,Decision - Majority,3,5:00,Fernando Portella,http://ufcstats.com/fight-details/b5ea6535748edbce
Vitor Petrino,Modestas Bukauskas,1,0,14 of 34,12 of 23,8 of 26,9 of 19,6 of 23,5 of 14,2 of 3,0 of 0,0 of 0,4 of 5,7 of 21,9 of 19,0 of 0,0 of 0,1 of 5,0 of 0,1 of 2,0 of 0,0,0,0,0,2:18,0:00,W,KO/TKO,2,1:03,Marc Goddard,http://ufcstats.com/fight-details/6532b71560ae39e0
Angela Hill,Denise Gomes,0,0,96 of 153,111 of 203,76 of 120,62 of 133,37 of 76,29 of 91,37 of 42,25 of 33,2 of 2,8 of 9,40 of 68,34 of 97,33 of 44,27 of 35,3 of 8,1 of 1,5 of 9,1 of 3,0,0,1,1,8:03,1:03,W,Decision - Unanimous,3,5:00,Fernando Portella,http://ufcstats.com/fight-details/7df5998eca143c04
Eduarda Moura,Montserrat Conejo Ruiz,0,0,102 of 139,9 of 29,57 of 77,5 of 22,55 of 75,0 of 15,2 of 2,0 of 2,0 of 0,5 of 5,5 of 12,5 of 22,1 of 1,0 of 0,51 of 64,0 of 0,3 of 3,0 of 0,0,0,0,0,5:57,0:02,W,KO/TKO,2,2:14,Joao Claudio Soares,http://ufcstats.com/fight-details/9e2bb8d5961b44d4
Kaue Fernandes,Marc Diakiese,0,0,67 of 92,65 of 92,23 of 42,13 of 32,6 of 20,11 of 26,8 of 13,2 of 5,9 of 9,0 of 1,21 of 38,7 of 18,2 of 4,2 of 4,0 of 0,4 of 10,1 of 1,3 of 8,0,0,0,1,1:27,8:38,L,Decision - Split,3,5:00,Jason Herzog,http://ufcstats.com/fight-details/3c69bed42893da75
Islam Makhachev,Alexander Volkanovski,1,0,39 of 46,11 of 18,24 of 29,4 of 6,13 of 16,0 of 1,9 of 11,1 of 1,2 of 2,3 of 4,7 of 11,3 of 5,8 of 9,1 of 1,9 of 9,0 of 0,0 of 1,0 of 0,0,0,0,0,0:19,0:49,W,KO/TKO,1,3:06,Marc Goddard,http://ufcstats.com/fight-details/0ea435ddf02deb60
Kamaru Usman,Khamzat Chimaev,0,0,58 of 92,107 of 143,36 of 66,38 of 70,27 of 52,27 of 53,6 of 10,3 of 9,3 of 4,8 of 8,33 of 63,22 of 53,1 of 1,0 of 0,2 of 2,16 of 17,0 of 1,4 of 12,0,1,0,0,0:04,7:16,L,Decision - Majority,3,5:00,Jason Herzog,http://ufcstats.com/fight-details/f23e9729b2b73c27
Magomed Ankalaev,Johnny Walker,0,0,16 of 23,17 of 30,13 of 19,14 of 27,7 of 13,4 of 15,3 of 3,1 of 2,3 of 3,9 of 10,7 of 11,14 of 27,1 of 1,0 of 0,5 of 7,0 of 0,1 of 1,0 of 0,0,0,0,0,1:06,0:00,NC,Could Not Continue,1,3:13,Daniel Movahedi,http://ufcstats.com/fight-details/821960adf5bfa15c
Ikram Aliskerov,Warlley Alves,1,0,26 of 36,12 of 16,26 of 36,12 of 16,20 of 29,3 of 6,6 of 6,1 of 1,0 of 1,8 of 9,26 of 36,12 of 16,0 of 0,0 of 0,0 of 0,0 of 0,0 of 0,0 of 0,0,0,0,0,0:00,0:00,W,KO/TKO,1,2:07,Lukasz Bosacki,http://ufcstats.com/fight-details/7024385b5107bd4b
Said Nurmagomedov,Muin Gafurov,0,0,5 of 11,1 of 3,5 of 11,1 of 3,2 of 7,0 of 2,2 of 2,0 of 0,1 of 2,1 of 1,5 of 11,1 of 3,0 of 0,0 of 0,0 of 0,0 of 0,0 of 0,0 of 1,1,0,0,0,0:03,0:07,W,Submission,1,1:13,Marc Goddard,http://ufcstats.com/fight-details/ed3334d108b257a6
Tim Elliott,Muhammad Mokaev,0,0,71 of 87,118 of 146,30 of 43,14 of 33,19 of 30,8 of 21,10 of 12,3 of 8,1 of 1,3 of 4,14 of 27,10 of 29,8 of 8,1 of 1,8 of 8,3 of 3,1 of 1,3 of 6,2,1,0,0,2:23,8:24,L,Submission,3,3:03,Jason Herzog,http://ufcstats.com/fight-details/e9256316716499b8
Mohammad Yahya,Trevor Peek,0,0,47 of 96,83 of 123,43 of 92,61 of 97,28 of 70,32 of 61,14 of 21,16 of 23,1 of 1,13 of 13,41 of 90,50 of 83,2 of 2,6 of 9,0 of 0,5 of 5,1 of 1,4 of 7,1,0,0,0,0:24,5:10,L,Decision - Unanimous,3,5:00,Daniel Movahedi,http://ufcstats.com/fight-details/3c6fb6bf9b7afd40
Javid Basharat,Victor Henry,0,0,33 of 46,30 of 41,30 of 43,25 of 36,8 of 21,3 of 10,8 of 8,6 of 6,14 of 14,16 of 20,26 of 39,23 of 34,4 of 4,2 of 2,0 of 0,0 of 0,1 of 4,0 of 1,0,0,0,0,0:29,0:14,NC,Could Not Continue,2,0:15,Lukasz Bosacki,http://ufcstats.com/fight-details/0d1af8c6a5793185
Abu Azaitar,Sedriques Dumas,0,0,87 of 153,72 of 117,41 of 106,34 of 79,21 of 78,11 of 45,13 of 18,5 of 11,7 of 10,18 of 23,31 of 90,31 of 76,3 of 6,0 of 0,7 of 10,3 of 3,2 of 4,1 of 2,0,0,0,0,0:32,4:10,L,Decision - Unanimous,3,5:00,Jason Herzog,http://ufcstats.com/fight-details/43de9ff6064361e1
Mike Breeden,Anshul Jubli,1,0,94 of 181,104 of 195,92 of 177,103 of 194,75 of 157,63 of 145,11 of 13,27 of 36,6 of 7,13 of 13,89 of 174,97 of 181,2 of 2,6 of 13,1 of 1,0 of 0,0 of 1,0 of 5,0,0,0,0,0:01,0:05,W,KO/TKO,3,3:00,Marc Goddard,http://ufcstats.com/fight-details/75c5f923f966b53b
Nathaniel Wood,Muhammad Naimov,0,0,70 of 94,100 of 140,50 of 72,48 of 81,37 of 57,31 of 60,6 of 7,10 of 13,7 of 8,7 of 8,36 of 56,24 of 48,5 of 6,11 of 14,9 of 10,13 of 19,2 of 7,4 of 9,0,0,0,1,2:44,6:42,L,Decision - Unanimous,3,5:00,Lukasz Bosacki,http://ufcstats.com/fight-details/b84c447bb74febe2
Viktoriia Dudakova,Jinh Yu Frey,1,0,109 of 183,65 of 121,74 of 146,47 of 101,47 of 115,31 of 80,26 of 30,8 of 13,1 of 1,8 of 8,60 of 131,37 of 89,14 of 15,3 of 4,0 of 0,7 of 8,0 of 3,1 of 3,0,0,0,0,0:18,4:40,W,Decision - Unanimous,3,5:00,Daniel Movahedi,http://ufcstats.com/fight-details/18e5af00a8478a0e
Shara Magomedov,Bruno Silva,0,0,222 of 274,107 of 138,113 of 154,65 of 91,56 of 92,51 of 76,22 of 24,6 of 7,35 of 38,8 of 8,74 of 106,35 of 56,15 of 21,5 of 5,24 of 27,25 of 30,0 of 0,3 of 7,0,0,0,0,0:00,6:44,W,Decision - Unanimous,3,5:00,Jason Herzog,http://ufcstats.com/fight-details/539732694ab2c8d6
Sodiq Yusuff,Edson Barboza,1,1,206 of 397,178 of 347,178 of 351,164 of 324,126 of 284,71 of 204,14 of 20,89 of 112,38 of 47,4 of 8,148 of 311,134 of 290,15 of 18,25 of 27,15 of 22,5 of 7,1 of 2,3 of 4,0,0,0,0,3:56,3:04,L,Decision - Unanimous,5,5:00,Herb Dean,http://ufcstats.com/fight-details/824859c7580eb35b
Jennifer Maia,Viviane Araujo,0,0,60 of 126,64 of 100,41 of 101,24 of 46,29 of 87,15 of 36,2 of 4,4 of 5,10 of 10,5 of 5,31 of 88,22 of 43,10 of 13,1 of 2,0 of 0,1 of 1,2 of 4,2 of 6,0,1,0,0,1:25,7:03,L,Decision - Unanimous,3,5:00,Mark Smith,http://ufcstats.com/fight-details/751cf3d52fce1d1f
Jonathan Martinez,Adrian Yanez,2,0,36 of 60,20 of 73,36 of 58,20 of 72,7 of 15,9 of 59,0 of 2,10 of 12,29 of 41,1 of 1,36 of 58,17 of 66,0 of 0,3 of 6,0 of 0,0 of 0,0 of 0,0 of 0,0,0,0,0,0:19,0:10,W,KO/TKO,2,2:26,Kerry Hatley,http://ufcstats.com/fight-details/0d6d212fcdf47f2e
Andre Petroski,Michel Pereira,0,1,0 of 1,6 of 18,0 of 1,6 of 18,0 of 1,5 of 17,0 of 0,1 of 1,0 of 0,0 of 0,0 of 1,2 of 6,0 of 0,0 of 0,0 of 0,4 of 12,0 of 0,0 of 0,0,0,0,0,0:00,0:04,L,KO/TKO,1,1:06,Chris Tognoni,http://ufcstats.com/fight-details/6acd1c591170f597
Christian Rodriguez,Cameron Saaiman,0,0,92 of 173,87 of 192,83 of 161,73 of 175,64 of 141,38 of 121,18 of 19,14 of 21,1 of 1,21 of 33,63 of 131,65 of 160,13 of 21,8 of 15,7 of 9,0 of 0,3 of 6,0 of 5,2,1,1,0,3:12,1:26,W,Decision - Unanimous,3,5:00,Mark Smith,http://ufcstats.com/fight-details/0197a61472fc351d
Darren Elkins,TJ Brown,0,0,95 of 146,45 of 86,11 of 33,15 of 50,8 of 29,11 of 45,3 of 3,1 of 2,0 of 1,3 of 3,11 of 32,15 of 49,0 of 1,0 of 0,0 of 0,0 of 1,5 of 8,2 of 2,2,0,1,1,8:09,1:29,W,Submission,3,2:23,Kerry Hatley,http://ufcstats.com/fight-details/3a8af8ee23444b72
Tainara Lisboa,Ravena Oliveira,0,0,77 of 106,61 of 87,18 of 35,15 of 31,9 of 24,10 of 23,8 of 9,3 of 6,1 of 2,2 of 2,7 of 20,13 of 28,11 of 12,2 of 3,0 of 3,0 of 0,3 of 8,2 of 3,0,0,0,0,6:55,5:22,W,Decision - Unanimous,3,5:00,Chris Tognoni,http://ufcstats.com/fight-details/5b7b5b01f4dcbd9c
Terrance McKinney,Brendon Marotte,1,0,14 of 21,1 of 1,14 of 21,1 of 1,14 of 21,0 of 0,0 of 0,0 of 0,0 of 0,1 of 1,0 of 1,1 of 1,1 of 1,0 of 0,13 of 19,0 of 0,0 of 0,0 of 0,0,0,0,0,0:15,0:00,W,KO/TKO,1,0:20,Herb Dean,http://ufcstats.com/fight-details/7f7d2abc21f171ca
Irina Alekseeva,Melissa Dixon,1,0,60 of 126,87 of 148,48 of 108,52 of 95,23 of 72,47 of 89,2 of 7,5 of 6,23 of 29,0 of 0,44 of 99,42 of 76,2 of 4,1 of 1,2 of 5,9 of 18,1 of 4,0 of 1,0,0,0,0,0:50,8:15,L,Decision - Unanimous,3,5:00,Mark Smith,http://ufcstats.com/fight-details/1ba282da76ca82ad
Chris Gutierrez,Alatengheili,0,0,115 of 203,39 of 134,110 of 197,38 of 133,44 of 96,25 of 108,10 of 20,10 of 21,56 of 81,3 of 4,110 of 195,38 of 130,0 of 2,0 of 2,0 of 0,0 of 1,0 of 0,2 of 4,0,0,0,0,0:08,0:51,W,Decision - Unanimous,3,5:00,Kerry Hatley,http://ufcstats.com/fight-details/a74a8c1e0a49070d
Ashley Yoder,Emily Ducote,0,0,105 of 276,119 of 213,102 of 269,117 of 210,59 of 216,69 of 145,32 of 40,29 of 40,11 of 13,19 of 25,93 of 259,117 of 209,9 of 10,0 of 1,0 of 0,0 of 0,0 of 3,1 of 1,0,0,0,0,0:09,0:03,L,Decision - Unanimous,3,5:00,Chris Tognoni,http://ufcstats.com/fight-details/85a130a4b655c8f5
Grant Dawson,Bobby Green,0,1,0 of 6,7 of 11,0 of 6,7 of 11,0 of 6,7 of 10,0 of 0,0 of 0,0 of 0,0 of 1,0 of 6,1 of 4,0 of 0,0 of 0,0 of 0,6 of 7,0 of 0,0 of 0,0,0,0,0,0:00,0:05,L,KO/TKO,1,0:33,Keith Peterson,http://ufcstats.com/fight-details/1aa4c2fa5ffaff00
Joe Pyfer,Abdul Razak Alhassan,0,0,26 of 63,11 of 28,26 of 62,11 of 28,15 of 47,4 of 15,9 of 12,2 of 3,2 of 3,5 of 10,24 of 60,11 of 27,2 of 2,0 of 1,0 of 0,0 of 0,3 of 4,0 of 0,2,1,0,0,1:07,0:08,W,Submission,2,2:05,Mark Smith,http://ufcstats.com/fight-details/e966de63c8e6b1d5
Alex Morono,Joaquin Buckley,0,0,54 of 161,77 of 186,40 of 141,68 of 176,29 of 122,41 of 134,10 of 17,24 of 36,1 of 2,3 of 6,37 of 133,55 of 141,3 of 8,2 of 9,0 of 0,11 of 26,1 of 2,2 of 4,0,0,0,0,0:13,2:21,L,Decision - Unanimous,3,5:00,Kerry Hatley,http://ufcstats.com/fight-details/eb76a5b76a68e4c4
Drew Dober,Ricky Glenn,1,0,30 of 53,5 of 22,30 of 53,5 of 22,19 of 40,2 of 15,7 of 9,3 of 7,4 of 4,0 of 0,20 of 38,5 of 22,2 of 3,0 of 0,8 of 12,0 of 0,0 of 0,0 of 1,0,0,0,0,0:31,0:00,W,KO/TKO,1,2:36,Chris Tognoni,http://ufcstats.com/fight-details/68095e551ff6bbfd
Alexander Hernandez,Bill Algeo,0,1,76 of 157,119 of 257,75 of 156,110 of 244,25 of 80,46 of 156,45 of 66,33 of 50,5 of 10,31 of 38,75 of 154,108 of 241,0 of 2,2 of 3,0 of 0,0 of 0,0 of 1,1 of 1,0,0,0,0,0:35,0:07,L,Decision - Unanimous,3,5:00,Keith Peterson,http://ufcstats.com/fight-details/b638646fb297228d
Karolina Kowalkiewicz,Diana Belbita,0,0,155 of 283,108 of 270,141 of 267,99 of 261,94 of 203,57 of 199,42 of 58,33 of 50,5 of 6,9 of 12,123 of 244,85 of 241,17 of 21,13 of 18,1 of 2,1 of 2,1 of 6,2 of 2,0,0,1,1,2:15,0:53,W,Decision - Unanimous,3,5:00,Kerry Hatley,http://ufcstats.com/fight-details/b6a6ba08898f3b6a
Nate Maness,Mateus Mendonca,0,0,103 of 114,9 of 16,29 of 35,3 of 7,26 of 31,0 of 3,2 of 3,2 of 3,1 of 1,1 of 1,1 of 2,1 of 5,2 of 3,2 of 2,26 of 30,0 of 0,0 of 0,0 of 3,0,0,0,0,1:31,1:14,W,KO/TKO,1,4:40,Chris Tognoni,http://ufcstats.com/fight-details/eb7b0a6f06dbdb4f
Vanessa Demopoulos,Kanako Murata,0,0,86 of 144,70 of 116,31 of 65,34 of 64,21 of 49,27 of 55,10 of 13,4 of 5,0 of 3,3 of 4,10 of 36,10 of 23,7 of 10,1 of 1,14 of 19,23 of 40,0 of 1,5 of 6,0,0,1,0,0:42,10:10,W,Decision - Unanimous,3,5:00,Mark Smith,http://ufcstats.com/fight-details/5ee83e03aaff5fa1
Aoriqileng,Johnny Munoz,1,0,120 of 159,31 of 73,44 of 66,7 of 36,24 of 41,5 of 30,8 of 11,2 of 3,12 of 14,0 of 3,28 of 45,7 of 33,1 of 3,0 of 3,15 of 18,0 of 0,2 of 4,4 of 11,0,3,0,0,5:39,4:30,W,Decision - Unanimous,3,5:00,Keith Peterson,http://ufcstats.com/fight-details/df146b0592259e5d
Montana De La Rosa,JJ Aldrich,0,0,70 of 209,66 of 136,67 of 204,65 of 135,41 of 172,55 of 122,13 of 16,9 of 11,13 of 16,1 of 2,59 of 184,58 of 124,8 of 20,7 of 11,0 of 0,0 of 0,0 of 1,0 of 0,0,0,0,0,0:00,0:22,L,Decision - Unanimous,3,5:00,Jacob Montalvo,http://ufcstats.com/fight-details/cc4fcfede19bc196
Rafael Fiziev,Mateusz Gamrot,0,0,19 of 34,17 of 42,18 of 32,16 of 40,4 of 14,11 of 31,12 of 16,2 of 5,2 of 2,3 of 4,18 of 32,13 of 35,0 of 0,1 of 1,0 of 0,2 of 4,0 of 0,1 of 6,0,0,0,0,0:00,1:28,L,KO/TKO,2,2:03,Herb Dean,http://ufcstats.com/fight-details/23a604f460289271
Bryce Mitchell,Dan Ige,0,0,37 of 59,32 of 72,23 of 40,18 of 55,13 of 22,13 of 47,7 of 14,3 of 6,3 of 4,2 of 2,17 of 29,16 of 51,1 of 3,2 of 3,5 of 8,0 of 1,5 of 15,0 of 0,1,0,0,1,7:33,2:11,W,Decision - Unanimous,3,5:00,Mark Smith,http://ufcstats.com/fight-details/da1b37edb8ccd3e6
Marina Rodriguez,Michelle Waterson-Gomez,0,0,90 of 130,16 of 37,70 of 102,13 of 32,47 of 70,7 of 23,22 of 30,5 of 7,1 of 2,1 of 2,12 of 23,4 of 17,53 of 73,7 of 9,5 of 6,2 of 6,1 of 1,1 of 6,0,0,0,0,2:03,2:49,W,KO/TKO,2,2:42,Kerry Hatley,http://ufcstats.com/fight-details/d8335b728604b222
Bryan Battle,AJ Fletcher,0,0,63 of 105,29 of 57,45 of 80,25 of 51,9 of 25,6 of 26,34 of 52,6 of 9,2 of 3,13 of 16,29 of 61,20 of 41,16 of 19,5 of 9,0 of 0,0 of 1,1 of 2,0 of 2,1,0,0,0,3:30,0:33,W,Submission,2,4:32,Dan Miragliotta,http://ufcstats.com/fight-details/bf647be41de365e4
Ricardo Ramos,Charles Jourdain,0,0,0 of 10,8 of 10,0 of 9,8 of 9,0 of 6,3 of 4,0 of 1,4 of 4,0 of 2,1 of 1,0 of 9,7 of 8,0 of 0,1 of 1,0 of 0,0 of 0,2 of 3,0 of 0,1,1,0,0,1:58,0:00,L,Submission,1,3:12,Herb Dean,http://ufcstats.com/fight-details/6e1bf1b163b3aeab
Dan Argueta,Miles Johns,0,0,38 of 95,52 of 104,33 of 85,43 of 92,20 of 67,32 of 77,8 of 12,5 of 9,5 of 6,6 of 6,22 of 70,40 of 84,5 of 8,2 of 3,6 of 7,1 of 5,2 of 6,2 of 6,2,0,0,0,3:55,4:39,NC,Overturned,3,5:00,Kerry Hatley,http://ufcstats.com/fight-details/b78545b32a97ac44
Tim Means,Andre Fialho,2,0,134 of 178,56 of 110,104 of 143,51 of 103,66 of 103,32 of 75,33 of 35,15 of 23,5 of 5,4 of 5,56 of 87,35 of 86,30 of 35,16 of 17,18 of 21,0 of 0,0 of 2,1 of 1,0,0,1,0,2:51,0:48,W,KO/TKO,3,1:15,Dan Miragliotta,http://ufcstats.com/fight-details/b3c7a5a97978d156
Jacob Malkoun,Cody Brundage,0,0,44 of 60,3 of 5,28 of 39,2 of 4,28 of 39,1 of 3,0 of 0,0 of 0,0 of 0,1 of 1,0 of 0,1 of 3,0 of 0,0 of 0,28 of 39,1 of 1,1 of 3,1 of 1,0,0,0,0,3:39,0:26,L,DQ,1,4:15,Mark Smith,http://ufcstats.com/fight-details/1496969c1497dc85
Mohammed Usman,Jake Collier,0,0,118 of 234,100 of 198,85 of 191,87 of 183,58 of 156,53 of 145,27 of 35,22 of 25,0 of 0,12 of 13,83 of 186,80 of 171,1 of 3,7 of 12,1 of 2,0 of 0,1 of 3,0 of 0,0,2,0,0,3:07,0:53,W,Decision - Unanimous,3,5:00,Dan Miragliotta,http://ufcstats.com/fight-details/49ede01b061cfae3
Mizuki,Hannah Goldy,0,0,83 of 140,64 of 123,55 of 105,47 of 95,31 of 72,10 of 43,20 of 29,26 of 39,4 of 4,11 of 13,37 of 77,20 of 55,17 of 26,27 of 40,1 of 2,0 of 0,1 of 2,1 of 14,0,0,0,0,3:31,2:51,W,Decision - Unanimous,3,5:00,Mark Smith,http://ufcstats.com/fight-details/adb411b0f418ce33
Tamires Vidal,Montserrat Rendon,0,0,78 of 131,112 of 240,60 of 109,69 of 182,17 of 59,45 of 148,3 of 3,11 of 18,40 of 47,13 of 16,60 of 108,55 of 151,0 of 1,1 of 2,0 of 0,13 of 29,0 of 3,3 of 5,1,0,0,0,0:54,4:51,L,Decision - Split,3,5:00,Kerry Hatley,http://ufcstats.com/fight-details/0732e6b6eb0a607d
Alexa Grasso,Valentina Shevchenko,1,0,262 of 408,199 of 301,84 of 203,80 of 179,54 of 151,61 of 158,12 of 22,6 of 8,18 of 30,13 of 13,51 of 160,67 of 158,31 of 35,6 of 8,2 of 8,7 of 13,1 of 2,4 of 7,1,1,1,0,2:39,8:37,D,Decision - Split,5,5:00,Herb Dean,http://ufcstats.com/fight-details/b395c89e19a3fec4
Kevin Holland,Jack Della Maddalena,0,0,127 of 356,105 of 190,127 of 356,105 of 190,59 of 258,46 of 115,33 of 55,36 of 49,35 of 43,23 of 26,119 of 346,94 of 175,8 of 10,11 of 15,0 of 0,0 of 0,0 of 2,0 of 0,0,0,0,0,0:00,0:00,L,Decision - Split,3,5:00,Jason Herzog,http://ufcstats.com/fight-details/697efaf0d162e877
Raul Rosas Jr.,Terrence Mitchell,1,0,19 of 31,6 of 19,18 of 30,6 of 19,17 of 29,5 of 18,1 of 1,1 of 1,0 of 0,0 of 0,6 of 11,6 of 19,1 of 2,0 of 0,11 of 17,0 of 0,0 of 0,0 of 0,0,0,0,0,0:17,0:00,W,KO/TKO,1,0:54,Mark Smith,http://ufcstats.com/fight-details/c0ca4c201d086ea8
Daniel Zellhuber,Christos Giagos,0,0,36 of 101,38 of 82,36 of 101,38 of 82,18 of 75,25 of 63,11 of 19,3 of 7,7 of 7,10 of 12,35 of 100,36 of 79,1 of 1,2 of 3,0 of 0,0 of 0,0 of 0,0 of 6,1,0,0,0,0:17,0:11,W,Submission,2,3:26,Jason Herzog,http://ufcstats.com/fight-details/2e1435c160bfe8b2
Fernando Padilla,Kyle Nelson,0,0,73 of 209,83 of 185,72 of 208,82 of 184,42 of 168,43 of 143,17 of 22,19 of 20,13 of 18,20 of 21,65 of 198,80 of 176,7 of 10,2 of 8,0 of 0,0 of 0,0 of 1,0 of 3,0,0,0,0,0:07,0:00,L,Decision - Unanimous,3,5:00,Chris Tognoni,http://ufcstats.com/fight-details/a5d76e93a5052e3f
Loopy Godinez,Elise Reed,1,0,37 of 51,34 of 48,21 of 31,3 of 13,15 of 25,0 of 6,4 of 4,2 of 3,2 of 2,1 of 4,15 of 24,3 of 12,3 of 3,0 of 0,3 of 4,0 of 1,5 of 5,0 of 1,6,0,0,0,6:29,0:22,W,Submission,2,3:38,Herb Dean,http://ufcstats.com/fight-details/79f03eca3fe5cdb3
Roman Kopylov,Josh Fremd,1,0,54 of 90,38 of 116,49 of 84,38 of 116,23 of 56,18 of 81,9 of 10,8 of 13,17 of 18,12 of 22,47 of 80,37 of 115,2 of 4,1 of 1,0 of 0,0 of 0,0 of 0,0 of 5,0,0,0,0,0:03,0:50,W,KO/TKO,2,4:44,Mark Smith,http://ufcstats.com/fight-details/7a0813ec0fadc84e
Edgar Chairez,Daniel Lacerda,0,0,12 of 20,8 of 18,12 of 20,4 of 14,0 of 6,1 of 8,2 of 3,1 of 3,10 of 11,2 of 3,12 of 20,3 of 12,0 of 0,0 of 0,0 of 0,1 of 2,0 of 0,1 of 2,1,0,0,0,0:14,1:19,NC,Overturned,1,3:47,Chris Tognoni,http://ufcstats.com/fight-details/5d3e046b6bcd49f5
Tracy Cortez,Jasmine Jasudavicius,0,0,116 of 225,95 of 225,103 of 212,77 of 206,63 of 164,43 of 148,16 of 23,25 of 47,24 of 25,9 of 11,91 of 198,58 of 176,12 of 14,19 of 30,0 of 0,0 of 0,0 of 1,2 of 10,0,0,0,0,0:26,3:00,W,Decision - Unanimous,3,5:00,Jason Herzog,http://ufcstats.com/fight-details/bcec26b425194e40
Alex Reyes,Charlie Campbell,0,1,15 of 39,43 of 72,14 of 38,43 of 72,8 of 30,27 of 53,2 of 4,10 of 13,4 of 4,6 of 6,12 of 32,35 of 60,2 of 6,7 of 10,0 of 0,1 of 2,0 of 2,0 of 0,0,0,0,0,0:01,0:02,L,KO/TKO,1,3:38,Mark Smith,http://ufcstats.com/fight-details/58b2fdad7af9be02
Josefine Knutsson,Marnic Mann,0,0,147 of 206,39 of 64,81 of 128,8 of 29,53 of 97,6 of 20,20 of 23,0 of 6,8 of 8,2 of 3,38 of 69,8 of 29,8 of 11,0 of 0,35 of 48,0 of 0,3 of 4,0 of 2,0,0,0,0,10:49,0:33,W,Decision - Unanimous,3,5:00,Chris Tognoni,http://ufcstats.com/fight-details/11318a7807cee8ca
Israel Adesanya,Sean Strickland,0,1,94 of 271,137 of 259,94 of 271,137 of 259,22 of 154,85 of 186,38 of 60,45 of 62,34 of 57,7 of 11,94 of 271,121 of 235,0 of 0,11 of 14,0 of 0,5 of 10,0 of 0,0 of 0,0,0,0,0,0:00,0:14,L,Decision - Unanimous,5,5:00,Marc Goddard,http://ufcstats.com/fight-details/7f16e7725245bb2d
Tai Tuivasa,Alexander Volkov,0,1,30 of 69,107 of 164,28 of 67,93 of 143,4 of 31,65 of 110,7 of 9,18 of 21,17 of 27,10 of 12,26 of 65,72 of 115,2 of 2,3 of 3,0 of 0,18 of 25,0 of 0,0 of 1,0,1,0,0,0:00,2:35,L,Submission,2,4:37,Herb Dean,http://ufcstats.com/fight-details/e4ed294e16e16d81
Manel Kape,Felipe dos Santos,1,0,116 of 186,101 of 310,112 of 182,99 of 304,77 of 137,53 of 215,24 of 30,28 of 60,11 of 15,18 of 29,92 of 149,94 of 292,6 of 9,4 of 8,14 of 24,1 of 4,1 of 1,0 of 5,0,0,0,0,0:45,0:08,W,Decision - Unanimous,3,5:00,Greg Kleynjans,http://ufcstats.com/fight-details/222bb2c67a87d312
Justin Tafa,Austen Lane,1,0,11 of 14,7 of 15,11 of 14,7 of 14,9 of 11,3 of 9,0 of 0,1 of 2,2 of 3,3 of 3,6 of 9,7 of 14,0 of 0,0 of 0,5 of 5,0 of 0,0 of 0,0 of 0,0,0,0,0,0:05,0:00,W,KO/TKO,1,1:22,Jim Perdios,http://ufcstats.com/fight-details/f9d2137f380e66bf
Tyson Pedro,Anton Turkalj,1,0,16 of 29,9 of 25,16 of 29,8 of 24,12 of 24,3 of 13,1 of 2,1 of 1,3 of 3,4 of 10,15 of 28,6 of 21,0 of 0,2 of 3,1 of 1,0 of 0,0 of 0,0 of 0,0,0,0,0,0:03,0:00,W,KO/TKO,1,2:12,Marc Goddard,http://ufcstats.com/fight-details/3e1c27f17433f9e4
Carlos Ulberg,Da Woon Jung,1,0,91 of 165,60 of 123,81 of 154,58 of 120,50 of 119,14 of 59,20 of 23,12 of 20,11 of 12,32 of 41,59 of 126,55 of 115,8 of 9,3 of 5,14 of 19,0 of 0,1 of 2,1 of 2,1,0,0,0,1:41,0:15,W,Submission,3,4:49,Herb Dean,http://ufcstats.com/fight-details/a3d75cc363a6544b
Jack Jenkins,Chepe Mariscal,0,0,43 of 70,87 of 143,41 of 68,38 of 87,16 of 36,14 of 53,13 of 18,11 of 16,12 of 14,13 of 18,35 of 60,23 of 65,6 of 8,14 of 21,0 of 0,1 of 1,0 of 1,1 of 1,0,0,0,0,0:07,2:46,L,KO/TKO,2,3:19,Greg Kleynjans,http://ufcstats.com/fight-details/09a7f0979a58e6ea
Jamie Mullarkey,John Makdessi,0,0,88 of 179,85 of 190,88 of 179,83 of 188,38 of 120,37 of 119,13 of 20,22 of 45,37 of 39,24 of 24,88 of 179,83 of 188,0 of 0,0 of 0,0 of 0,0 of 0,0 of 2,0 of 1,0,0,0,0,0:00,0:00,W,Decision - Unanimous,3,5:00,Jim Perdios,http://ufcstats.com/fight-details/0aae15358d8606b9
Nasrat Haqparast,Landon Quinones,0,0,172 of 378,152 of 359,171 of 377,148 of 354,114 of 304,79 of 273,57 of 73,37 of 46,0 of 0,32 of 35,161 of 361,137 of 340,10 of 16,11 of 14,0 of 0,0 of 0,0 of 5,0 of 0,0,0,0,0,0:21,0:41,W,Decision - Unanimous,3,5:00,Marc Goddard,http://ufcstats.com/fight-details/bfff5a3777841344
Blood Diamond,Charles Radtke,0,0,75 of 136,63 of 112,44 of 94,35 of 76,19 of 58,31 of 72,19 of 28,4 of 4,6 of 8,0 of 0,19 of 58,27 of 59,25 of 36,8 of 17,0 of 0,0 of 0,0 of 3,1 of 6,0,0,0,0,0:21,9:41,L,Decision - Unanimous,3,5:00,Herb Dean,http://ufcstats.com/fight-details/56809feb4fe7ea61
Shane Young,Gabriel Miranda,0,0,1 of 4,2 of 6,1 of 4,2 of 6,0 of 2,0 of 2,1 of 2,1 of 2,0 of 0,1 of 2,1 of 4,2 of 6,0 of 0,0 of 0,0 of 0,0 of 0,0 of 0,1 of 2,0,1,0,0,0:00,0:32,L,Submission,1,0:59,Greg Kleynjans,http://ufcstats.com/fight-details/5d481ff494bf40da
Kevin Jousset,Kiefer Crosbie,0,0,39 of 69,45 of 66,29 of 58,39 of 59,18 of 44,20 of 37,4 of 5,9 of 12,7 of 9,10 of 10,25 of 54,36 of 52,4 of 4,3 of 7,0 of 0,0 of 0,1 of 1,0 of 0,1,0,0,0,0:45,0:00,W,Submission,1,4:49,Jim Perdios,http://ufcstats.com/fight-details/65c89e0c92e51bb8
Ciryl Gane,Serghei Spivac,0,0,110 of 157,11 of 44,109 of 156,11 of 44,48 of 85,7 of 38,39 of 49,2 of 3,22 of 22,2 of 3,105 of 152,11 of 44,4 of 4,0 of 0,0 of 0,0 of 0,0 of 0,0 of 1,0,0,0,0,0:09,0:02,W,KO/TKO,2,3:44,Marc Goddard,http://ufcstats.com/fight-details/ea006bae605e2a6b
Manon Fiorot,Rose Namajunas,0,0,62 of 232,60 of 152,58 of 225,60 of 150,39 of 197,32 of 107,15 of 22,15 of 26,4 of 6,13 of 17,53 of 214,59 of 148,4 of 10,1 of 2,1 of 1,0 of 0,0 of 1,0 of 6,0,0,0,0,0:24,0:25,W,Decision - Unanimous,3,5:00,Rich Mitchell,http://ufcstats.com/fight-details/4eaf54ad3c82b6fa
Benoit Saint Denis,Thiago Moises,0,0,123 of 210,27 of 67,101 of 182,24 of 62,49 of 123,12 of 46,28 of 34,10 of 14,24 of 25,2 of 2,42 of 71,23 of 59,10 of 14,1 of 3,49 of 97,0 of 0,5 of 9,1 of 3,0,1,0,0,5:20,0:14,W,KO/TKO,2,4:44,Lukasz Bosacki,http://ufcstats.com/fight-details/dfa8fd0b82b37fa1
Volkan Oezdemir,Bogdan Guskov,1,0,36 of 64,10 of 27,26 of 46,8 of 25,19 of 37,7 of 23,1 of 2,1 of 1,6 of 7,0 of 1,15 of 32,8 of 24,1 of 1,0 of 1,10 of 13,0 of 0,1 of 1,0 of 0,1,0,0,0,1:23,0:00,W,Submission,1,3:46,Marc Goddard,http://ufcstats.com/fight-details/5098d052525da54f
William Gomis,Yanis Ghemmouri,0,0,61 of 99,40 of 88,52 of 88,28 of 73,10 of 30,0 of 24,6 of 15,7 of 11,36 of 43,21 of 38,47 of 82,24 of 69,5 of 6,4 of 4,0 of 0,0 of 0,0 of 0,0 of 4,2,0,0,0,0:55,2:42,W,KO/TKO,3,2:20,Loic Pora,http://ufcstats.com/fight-details/1c29c53ff032c5c1
Morgan Charriere,Manolo Zecchini,1,0,26 of 49,9 of 41,26 of 49,9 of 41,16 of 37,5 of 30,7 of 8,1 of 4,3 of 4,3 of 7,25 of 47,9 of 41,1 of 1,0 of 0,0 of 1,0 of 0,0 of 0,0 of 0,0,0,0,0,0:03,0:00,W,KO/TKO,1,3:51,Rich Mitchell,http://ufcstats.com/fight-details/0d41a3fa5efef91b
Taylor Lapilus,Caolan Loughran,0,0,87 of 166,70 of 166,84 of 163,48 of 132,59 of 133,28 of 100,18 of 23,13 of 23,7 of 7,7 of 9,76 of 150,44 of 125,7 of 12,3 of 6,1 of 1,1 of 1,0 of 0,2 of 11,0,0,0,0,0:18,6:26,W,Decision - Unanimous,3,5:00,Lukasz Bosacki,http://ufcstats.com/fight-details/1b9a127f9dadaad9
Ange Loosa,Rhys McKee,0,0,124 of 220,90 of 198,98 of 182,77 of 183,71 of 144,48 of 145,19 of 29,19 of 25,8 of 9,10 of 13,45 of 103,70 of 172,32 of 51,5 of 8,21 of 28,2 of 3,6 of 10,0 of 0,0,0,0,0,6:07,0:05,W,Decision - Unanimous,3,5:00,Loic Pora,http://ufcstats.com/fight-details/1be27d95bba03f17
Nora Cornolle,Joselyne Edwards,0,0,85 of 134,75 of 120,40 of 77,18 of 42,12 of 37,6 of 20,17 of 24,8 of 9,11 of 16,4 of 13,17 of 39,14 of 35,23 of 38,4 of 6,0 of 0,0 of 1,0 of 0,5 of 8,0,1,3,0,2:11,8:42,W,Decision - Unanimous,3,5:00,Lukasz Bosacki,http://ufcstats.com/fight-details/e3a5a7ede88a2555
Farid Basharat,Kleydson Rodrigues,0,0,25 of 36,25 of 26,4 of 6,7 of 8,2 of 3,3 of 4,2 of 2,2 of 2,0 of 1,2 of 2,0 of 1,4 of 5,1 of 1,1 of 1,3 of 4,2 of 2,2 of 5,0 of 0,1,0,0,0,3:15,0:30,W,Submission,1,4:15,Loic Pora,http://ufcstats.com/fight-details/ac73c6888ee9322c
Zarah Fairn,Jacqueline Cavalcanti,0,0,39 of 259,127 of 222,39 of 259,126 of 221,25 of 241,43 of 127,8 of 12,20 of 22,6 of 6,63 of 72,39 of 258,116 of 209,0 of 1,10 of 12,0 of 0,0 of 0,0 of 2,0 of 1,0,0,0,0,0:04,0:08,L,Decision - Unanimous,3,5:00,Rich Mitchell,http://ufcstats.com/fight-details/2a48d0a98c21e736
Max Holloway,Chan Sung Jung,2,0,75 of 128,35 of 126,75 of 128,34 of 124,34 of 77,25 of 110,31 of 35,6 of 8,10 of 16,3 of 6,71 of 124,34 of 122,1 of 1,0 of 2,3 of 3,0 of 0,0 of 0,0 of 1,1,0,0,0,0:57,0:15,W,KO/TKO,3,0:23,,http://ufcstats.com/fight-details/96704d7ba3a452d9
Anthony Smith,Ryan Spann,0,0,91 of 147,62 of 191,91 of 147,59 of 187,44 of 92,39 of 158,12 of 15,14 of 23,35 of 40,6 of 6,90 of 146,50 of 174,1 of 1,0 of 0,0 of 0,9 of 13,1 of 3,0 of 1,0,0,0,0,0:56,1:19,W,Decision - Split,3,5:00,Mark Craig,http://ufcstats.com/fight-details/c53b0f678fe2f16a
Giga Chikadze,Alex Caceres,0,0,65 of 141,62 of 168,65 of 141,62 of 168,25 of 83,25 of 110,22 of 38,25 of 44,18 of 20,12 of 14,65 of 139,62 of 168,0 of 2,0 of 0,0 of 0,0 of 0,0 of 0,0 of 0,0,0,0,0,0:00,0:00,W,Decision - Unanimous,3,5:00,Marc Goddard,http://ufcstats.com/fight-details/dd617f6ab4916ec4
Rinya Nakamura,Fernie Garcia,0,0,56 of 84,50 of 106,36 of 57,15 of 66,16 of 31,9 of 53,10 of 13,4 of 7,10 of 13,2 of 6,25 of 44,13 of 63,0 of 0,0 of 1,11 of 13,2 of 2,4 of 4,0 of 0,3,1,0,0,9:26,0:00,W,Decision - Unanimous,3,5:00,Kevin Sataki,http://ufcstats.com/fight-details/de89bea7b0dcd2d3
Erin Blanchfield,Taila Santos,0,0,119 of 210,96 of 202,61 of 128,55 of 151,37 of 99,28 of 118,18 of 23,9 of 15,6 of 6,18 of 18,43 of 102,46 of 133,17 of 24,9 of 18,1 of 2,0 of 0,0 of 14,0 of 3,0,0,0,0,8:08,0:09,W,Decision - Unanimous,3,5:00,Thomas Fan,http://ufcstats.com/fight-details/5531317352862978
Junior Tafa,Parker Porter,1,0,11 of 16,3 of 10,8 of 13,2 of 9,7 of 12,2 of 9,1 of 1,0 of 0,0 of 0,0 of 0,4 of 7,2 of 9,4 of 6,0 of 0,0 of 0,0 of 0,0 of 0,0 of 1,0,0,0,0,0:04,0:17,W,KO/TKO,1,1:24,Marc Goddard,http://ufcstats.com/fight-details/f7bc845ce74f5fe7
Waldo Cortes-Acosta,Lukasz Brzeski,1,0,16 of 46,15 of 23,15 of 45,14 of 22,9 of 36,1 of 7,3 of 5,3 of 3,3 of 4,10 of 12,12 of 42,14 of 22,3 of 3,0 of 0,0 of 0,0 of 0,0 of 0,0 of 0,0,0,0,0,0:00,0:00,W,KO/TKO,1,3:01,Mark Craig,http://ufcstats.com/fight-details/bfc9989751bd0d04
Toshiomi Kazama,Garrett Armfield,0,1,15 of 31,45 of 77,15 of 31,45 of 77,8 of 24,36 of 67,3 of 3,9 of 10,4 of 4,0 of 0,15 of 30,40 of 68,0 of 1,0 of 0,0 of 0,5 of 9,0 of 2,0 of 0,0,0,0,0,0:00,0:26,L,KO/TKO,1,4:16,Kevin Sataki,http://ufcstats.com/fight-details/48231fbd1af53674
Chidi Njokuani,Michal Oleksiejczuk,0,0,30 of 58,54 of 85,29 of 57,44 of 72,7 of 21,31 of 59,18 of 32,12 of 12,4 of 4,1 of 1,19 of 37,17 of 36,10 of 20,4 of 5,0 of 0,23 of 31,0 of 2,1 of 1,0,0,0,0,0:09,1:36,L,KO/TKO,1,4:16,Thomas Fan,http://ufcstats.com/fight-details/293c5f4c9aca5c54
Song Kenan,Rolando Bedoya,1,0,85 of 161,112 of 260,75 of 149,112 of 258,54 of 118,36 of 146,16 of 24,27 of 49,5 of 7,49 of 63,68 of 140,104 of 245,6 of 8,8 of 13,1 of 1,0 of 0,0 of 0,0 of 4,0,0,0,0,0:40,0:33,W,Decision - Unanimous,3,5:00,Marc Goddard,http://ufcstats.com/fight-details/da6b863cf684e0ae
Billy Goff,Yusaku Kinoshita,1,0,43 of 89,17 of 53,40 of 85,17 of 53,13 of 47,15 of 48,13 of 20,2 of 5,14 of 18,0 of 0,36 of 78,17 of 52,2 of 2,0 of 1,2 of 5,0 of 0,0 of 1,0 of 0,0,0,0,0,0:05,0:00,W,KO/TKO,1,3:49,Mark Craig,http://ufcstats.com/fight-details/977250a28d3b8a3f
Liang Na,JJ Aldrich,0,0,27 of 61,68 of 89,11 of 41,47 of 65,7 of 30,46 of 63,3 of 8,1 of 2,1 of 3,0 of 0,9 of 36,9 of 18,2 of 5,1 of 2,0 of 0,37 of 45,3 of 4,0 of 0,0,0,0,1,1:38,5:11,L,KO/TKO,2,4:49,Kevin Sataki,http://ufcstats.com/fight-details/23865dfc8361ac62
SeungWoo Choi,Jarno Errens,1,1,108 of 179,40 of 88,56 of 115,30 of 76,22 of 69,13 of 47,8 of 15,6 of 14,26 of 31,11 of 15,51 of 107,30 of 73,2 of 3,0 of 2,3 of 5,0 of 1,1 of 1,0 of 4,0,0,0,0,5:21,1:34,W,Decision - Unanimous,3,5:00,Thomas Fan,http://ufcstats.com/fight-details/b65b37c0e00074d9
Aljamain Sterling,Sean O'Malley,0,1,24 of 46,26 of 36,17 of 35,25 of 35,3 of 12,18 of 25,3 of 10,6 of 9,11 of 13,1 of 1,16 of 33,10 of 16,1 of 2,1 of 1,0 of 0,14 of 18,0 of 2,0 of 0,0,0,0,0,0:34,0:18,L,KO/TKO,2,0:51,Marc Goddard,http://ufcstats.com/fight-details/ee796ecb4ee8680b
Zhang Weili,Amanda Lemos,1,0,296 of 358,29 of 68,163 of 217,24 of 63,106 of 150,19 of 57,37 of 42,3 of 4,20 of 25,2 of 2,50 of 77,23 of 61,17 of 18,1 of 2,96 of 122,0 of 0,6 of 7,0 of 0,0,2,0,0,16:07,0:34,W,Decision - Unanimous,5,5:00,Kevin MacDonald,http://ufcstats.com/fight-details/845e38dfbfea6e53
Neil Magny,Ian Machado Garry,0,0,51 of 93,111 of 171,27 of 66,91 of 150,10 of 41,32 of 90,7 of 11,16 of 17,10 of 14,43 of 43,25 of 61,84 of 140,2 of 5,4 of 5,0 of 0,3 of 5,0 of 2,2 of 2,0,0,0,0,1:10,2:32,L,Decision - Unanimous,3,5:00,Keith Peterson,http://ufcstats.com/fight-details/78d2c01dc963f204
Da'Mon Blackshear,Mario Bautista,0,0,108 of 192,102 of 161,90 of 174,79 of 137,48 of 123,48 of 103,22 of 30,21 of 22,20 of 21,10 of 12,52 of 129,51 of 101,37 of 42,24 of 30,1 of 3,4 of 6,4 of 7,2 of 10,0,1,0,0,3:00,4:04,L,Decision - Unanimous,3,5:00,Bryan Miner,http://ufcstats.com/fight-details/fd4d30036a3f3efb
Marlon Vera,Pedro Munhoz,0,0,141 of 251,113 of 246,141 of 251,113 of 246,109 of 212,53 of 177,9 of 14,20 of 28,23 of 25,40 of 41,138 of 246,111 of 244,3 of 4,2 of 2,0 of 1,0 of 0,0 of 1,0 of 1,0,0,0,0,0:00,0:00,W,Decision - Unanimous,3,5:00,Herb Dean,http://ufcstats.com/fight-details/621e6f0929a3dbfc
Chris Weidman,Brad Tavares,0,0,39 of 94,71 of 116,37 of 92,70 of 115,30 of 77,21 of 61,5 of 12,8 of 9,2 of 3,41 of 45,35 of 90,68 of 113,2 of 2,2 of 2,0 of 0,0 of 0,0 of 8,0 of 0,0,0,0,0,1:21,0:00,L,Decision - Unanimous,3,5:00,Keith Peterson,http://ufcstats.com/fight-details/1a95cc401f68f4c8
Gregory Rodrigues,Denis Tiuliulin,0,0,6 of 8,3 of 8,5 of 6,2 of 7,4 of 5,2 of 7,1 of 1,0 of 0,0 of 0,0 of 0,1 of 2,2 of 7,0 of 0,0 of 0,4 of 4,0 of 0,1 of 2,0 of 0,0,0,0,0,0:47,0:00,W,KO/TKO,1,1:43,Bryan Miner,http://ufcstats.com/fight-details/f995ed679ef8bdf4
Kurt Holobaugh,Austin Hubbard,0,0,85 of 144,61 of 125,61 of 119,44 of 107,46 of 101,25 of 86,10 of 12,17 of 19,5 of 6,2 of 2,50 of 106,31 of 87,9 of 10,9 of 12,2 of 3,4 of 8,0 of 0,2 of 6,2,0,0,0,1:08,2:23,W,Submission,2,2:39,John English,http://ufcstats.com/fight-details/62d53ad8f8769666
Brad Katona,Cody Gibson,0,0,173 of 327,169 of 273,160 of 311,164 of 268,116 of 254,130 of 228,25 of 37,22 of 27,19 of 20,12 of 13,127 of 262,134 of 233,33 of 49,30 of 35,0 of 0,0 of 0,0 of 2,0 of 1,0,0,0,0,0:00,0:00,W,Decision - Unanimous,3,5:00,Marc Goddard,http://ufcstats.com/fight-details/e9754f597ec50f6f
Andre Petroski,Gerald Meerschaert,1,0,67 of 143,92 of 166,57 of 132,76 of 149,39 of 114,65 of 135,12 of 12,6 of 9,6 of 6,5 of 5,46 of 117,60 of 131,3 of 4,10 of 10,8 of 11,6 of 8,2 of 5,1 of 3,0,0,0,0,2:06,1:54,W,Decision - Split,3,5:00,Herb Dean,http://ufcstats.com/fight-details/9f7c28381b6913c8
Andrea Lee,Natalia Silva,0,0,43 of 125,70 of 174,43 of 125,70 of 174,12 of 74,34 of 111,11 of 23,17 of 43,20 of 28,19 of 20,43 of 125,70 of 174,0 of 0,0 of 0,0 of 0,0 of 0,0 of 0,0 of 0,0,0,0,0,0:00,0:00,L,Decision - Unanimous,3,5:00,Kevin MacDonald,http://ufcstats.com/fight-details/8c7b5b21b3532027
Karine Silva,Maryna Moroz,1,0,52 of 76,25 of 66,30 of 53,16 of 55,15 of 31,8 of 41,7 of 9,7 of 12,8 of 13,1 of 2,18 of 40,10 of 47,11 of 12,6 of 8,1 of 1,0 of 0,1 of 1,0 of 0,1,0,0,1,0:51,1:41,W,Submission,1,4:59,John English,http://ufcstats.com/fight-details/f329bd89e375d6df
Vicente Luque,Rafael Dos Anjos,0,0,138 of 221,94 of 170,72 of 141,66 of 136,48 of 115,42 of 108,17 of 19,19 of 23,7 of 7,5 of 5,60 of 127,38 of 105,8 of 8,26 of 27,4 of 6,2 of 4,8 of 11,2 of 7,0,1,0,0,12:01,3:54,W,Decision - Unanimous,5,5:00,Mark Smith,http://ufcstats.com/fight-details/e346f2b7af63e804
Cub Swanson,Hakeem Dawodu,0,0,107 of 195,129 of 224,77 of 156,95 of 176,41 of 112,41 of 104,27 of 31,29 of 37,9 of 13,25 of 35,59 of 135,79 of 158,18 of 21,16 of 18,0 of 0,0 of 0,1 of 2,0 of 0,0,0,0,1,1:25,3:10,W,Decision - Unanimous,3,5:00,Jason Herzog,http://ufcstats.com/fight-details/1b1fd32485861655
Khalil Rountree Jr.,Chris Daukaus,1,0,16 of 24,14 of 28,16 of 24,8 of 21,12 of 19,6 of 19,3 of 4,2 of 2,1 of 1,0 of 0,11 of 17,7 of 19,3 of 4,1 of 2,2 of 3,0 of 0,0 of 0,0 of 1,0,0,0,0,0:31,0:04,W,KO/TKO,1,2:40,Herb Dean,http://ufcstats.com/fight-details/c57a4810c932b296
Polyana Viana,Iasmin Lucindo,0,0,41 of 68,31 of 48,10 of 25,10 of 24,2 of 15,5 of 18,4 of 6,4 of 5,4 of 4,1 of 1,10 of 25,9 of 21,0 of 0,0 of 0,0 of 0,1 of 3,1 of 3,2 of 2,0,1,0,0,1:58,3:13,L,Submission,2,3:42,Chris Tognoni,http://ufcstats.com/fight-details/c2f730cb33df5221
AJ Dobson,Tafon Nchukwi,0,0,98 of 176,59 of 106,67 of 134,53 of 99,19 of 75,11 of 47,12 of 18,12 of 15,36 of 41,30 of 37,61 of 119,49 of 92,2 of 5,4 of 7,4 of 10,0 of 0,2 of 3,0 of 0,0,0,0,0,4:33,0:00,W,Decision - Unanimous,3,5:00,Herb Dean,http://ufcstats.com/fight-details/560a971c6ab8b854
Josh Fremd,Jamie Pickett,0,0,59 of 109,26 of 67,31 of 80,14 of 52,11 of 49,4 of 31,10 of 18,6 of 16,10 of 13,4 of 5,22 of 64,11 of 45,6 of 11,3 of 7,3 of 5,0 of 0,0 of 3,2 of 3,2,0,1,0,7:15,3:01,W,Decision - Unanimous,3,5:00,Mark Smith,http://ufcstats.com/fight-details/9a9479663bedf8b4
JP Buys,Marcus McGhee,0,1,4 of 30,7 of 13,4 of 30,7 of 13,2 of 22,6 of 11,1 of 3,0 of 0,1 of 5,1 of 2,4 of 29,7 of 13,0 of 1,0 of 0,0 of 0,0 of 0,0 of 1,0 of 0,0,0,0,0,0:00,0:05,L,KO/TKO,1,2:19,Jason Herzog,http://ufcstats.com/fight-details/2c160a1d1fdbf0b0
Terrance McKinney,Mike Breeden,0,0,30 of 47,1 of 5,30 of 47,1 of 5,23 of 36,0 of 4,7 of 11,1 of 1,0 of 0,0 of 0,16 of 30,1 of 5,11 of 14,0 of 0,3 of 3,0 of 0,0 of 2,0 of 1,0,0,0,0,0:03,0:00,W,KO/TKO,1,1:25,Chris Tognoni,http://ufcstats.com/fight-details/9576d9cba5cf5c4e
Francis Marshall,Isaac Dulgarian,0,0,11 of 16,61 of 83,2 of 7,35 of 53,0 of 5,32 of 50,0 of 0,0 of 0,2 of 2,3 of 3,2 of 7,3 of 4,0 of 0,0 of 0,0 of 0,32 of 49,0 of 0,1 of 1,0,0,0,0,0:00,4:18,L,KO/TKO,1,4:48,Jason Herzog,http://ufcstats.com/fight-details/9479ba3cdcb1e513
Josh Parisian,Martin Buday,0,0,27 of 63,62 of 91,26 of 61,42 of 67,15 of 49,35 of 60,6 of 7,7 of 7,5 of 5,0 of 0,20 of 47,28 of 49,6 of 14,14 of 18,0 of 0,0 of 0,0 of 0,1 of 1,0,1,0,0,0:13,1:56,L,Submission,1,4:11,Herb Dean,http://ufcstats.com/fight-details/d5929b7fbc801ce4
Jaqueline Amorim,Montserrat Conejo Ruiz,0,0,141 of 208,20 of 57,86 of 136,6 of 36,76 of 120,2 of 29,9 of 14,2 of 4,1 of 2,2 of 3,6 of 15,5 of 31,0 of 0,0 of 1,80 of 121,1 of 4,1 of 3,1 of 1,4,0,2,0,8:05,3:39,W,KO/TKO,3,3:41,Chris Tognoni,http://ufcstats.com/fight-details/ca2aa660bea0cb60
Da'Mon Blackshear,Jose Johnson,0,0,30 of 46,16 of 21,18 of 30,8 of 12,7 of 16,4 of 7,2 of 5,2 of 3,9 of 9,2 of 2,5 of 13,7 of 9,6 of 8,0 of 2,7 of 9,1 of 1,2 of 4,0 of 0,1,0,0,0,2:57,0:00,W,Submission,1,3:47,Mark Smith,http://ufcstats.com/fight-details/91a5480f48bfaa71
Juliana Miller,Luana Santos,0,0,25 of 77,64 of 106,24 of 75,63 of 105,15 of 61,44 of 82,9 of 13,16 of 20,0 of 1,3 of 3,18 of 64,53 of 88,6 of 11,10 of 17,0 of 0,0 of 0,0 of 2,0 of 0,0,0,0,0,0:29,0:26,L,KO/TKO,1,3:41,Jason Herzog,http://ufcstats.com/fight-details/e3573545220ca4ea
Cory Sandhagen,Rob Font,0,0,132 of 211,25 of 69,34 of 84,9 of 49,30 of 79,5 of 43,2 of 3,2 of 3,2 of 2,2 of 3,10 of 47,8 of 44,0 of 1,0 of 3,24 of 36,1 of 2,7 of 7,1 of 2,1,0,0,0,19:38,1:08,W,Decision - Unanimous,5,5:00,Jason Herzog,http://ufcstats.com/fight-details/554163b1c8c05522
Jessica Andrade,Tatiana Suarez,0,0,13 of 31,25 of 51,11 of 29,23 of 49,2 of 14,3 of 20,5 of 8,17 of 26,4 of 7,3 of 3,8 of 23,13 of 36,3 of 6,10 of 13,0 of 0,0 of 0,0 of 0,3 of 3,0,1,0,0,0:17,2:22,L,Submission,2,1:31,Kevin MacDonald,http://ufcstats.com/fight-details/ec2358459ffbe7de
Dustin Jacoby,Kennedy Nzechukwu,1,0,10 of 33,4 of 18,10 of 33,4 of 18,5 of 28,3 of 14,0 of 0,0 of 3,5 of 5,1 of 1,10 of 26,4 of 18,0 of 0,0 of 0,0 of 7,0 of 0,0 of 0,0 of 0,0,0,0,0,0:04,0:00,W,KO/TKO,1,1:22,Gary Copeland,http://ufcstats.com/fight-details/2c54be25b09fce50
Diego Lopes,Gavin Tucker,0,0,0 of 4,0 of 6,0 of 4,0 of 6,0 of 3,0 of 6,0 of 0,0 of 0,0 of 1,0 of 0,0 of 4,0 of 6,0 of 0,0 of 0,0 of 0,0 of 0,0 of 0,1 of 1,3,0,0,0,0:00,0:39,W,Submission,1,1:38,Jimmy Neely,http://ufcstats.com/fight-details/79bfba62da6242a6
Tanner Boser,Aleksa Camur,0,0,145 of 253,105 of 175,120 of 215,68 of 136,78 of 163,34 of 97,24 of 32,25 of 28,18 of 20,9 of 11,87 of 174,46 of 108,33 of 41,22 of 28,0 of 0,0 of 0,0 of 0,0 of 1,0,0,0,0,5:27,1:01,W,Decision - Unanimous,3,5:00,Justin Brown,http://ufcstats.com/fight-details/2c0496a5f39ab8a4
Ignacio Bahamondes,Ludovit Klein,0,0,62 of 166,94 of 151,43 of 139,56 of 108,29 of 114,36 of 82,9 of 16,11 of 16,5 of 9,9 of 10,41 of 133,43 of 88,2 of 6,1 of 1,0 of 0,12 of 19,0 of 1,3 of 5,0,0,0,0,0:07,6:05,L,Decision - Unanimous,3,5:00,Jason Herzog,http://ufcstats.com/fight-details/531ce3d8011fa1f6
Kyler Phillips,Raoni Barcelos,1,0,80 of 196,52 of 124,72 of 187,46 of 116,40 of 146,20 of 87,18 of 26,15 of 17,14 of 15,11 of 12,62 of 174,39 of 105,6 of 8,7 of 10,4 of 5,0 of 1,1 of 4,3 of 11,0,0,0,0,0:47,1:42,W,Decision - Unanimous,3,5:00,Kevin MacDonald,http://ufcstats.com/fight-details/e5cb9dfc1189d77d
Jeremiah Wells,Carlston Harris,0,0,41 of 78,19 of 36,18 of 48,5 of 19,16 of 46,1 of 14,2 of 2,3 of 4,0 of 0,1 of 1,5 of 25,5 of 19,2 of 3,0 of 0,11 of 20,0 of 0,3 of 5,0 of 1,2,1,0,0,9:26,0:13,L,Submission,3,1:50,Jason Herzog,http://ufcstats.com/fight-details/bda7992779a005fa
Billy Quarantillo,Damon Jackson,0,0,169 of 270,75 of 184,100 of 188,67 of 173,45 of 124,45 of 139,49 of 57,19 of 31,6 of 7,3 of 3,58 of 140,53 of 148,42 of 48,10 of 15,0 of 0,4 of 10,0 of 0,3 of 13,1,0,0,0,1:51,6:10,W,Decision - Unanimous,3,5:00,Kevin MacDonald,http://ufcstats.com/fight-details/1b0d5e65fdfc62cf
Cody Durden,Jake Hadley,0,0,63 of 122,45 of 106,38 of 85,26 of 83,23 of 66,12 of 61,9 of 11,10 of 16,6 of 8,4 of 6,30 of 67,23 of 76,1 of 1,3 of 7,7 of 17,0 of 0,4 of 6,0 of 3,1,3,0,1,7:25,2:04,W,Decision - Unanimous,3,5:00,Jimmy Neely,http://ufcstats.com/fight-details/38901948cff43ff9
Sean Woodson,Dennis Buzukja,0,0,163 of 229,46 of 121,71 of 126,42 of 116,36 of 77,24 of 85,18 of 32,11 of 17,17 of 17,7 of 14,61 of 113,32 of 96,8 of 11,5 of 8,2 of 2,5 of 12,4 of 5,0 of 1,0,0,0,1,5:52,2:30,W,Decision - Unanimous,3,5:00,Justin Brown,http://ufcstats.com/fight-details/436a1ce6b0c6b4bb
Ode Osbourne,Asu Almabayev,0,0,8 of 22,52 of 78,4 of 18,26 of 40,4 of 16,17 of 31,0 of 2,5 of 5,0 of 0,4 of 4,3 of 17,9 of 14,0 of 0,0 of 0,1 of 1,17 of 26,0 of 0,2 of 5,0,2,0,0,0:21,5:24,L,Submission,2,3:11,Gary Copeland,http://ufcstats.com/fight-details/6b5c225814a924ed
